{
  "sea_level": -52,
  "disable_mob_generation": false,
  "aquifers_enabled": false,
  "ore_veins_enabled": false,
  "legacy_random_source": true,
  "default_block": {
    "Name": "minecraft:deepslate"
  },
  "default_fluid": {
    "Name": "minecraft:lava",
    "Properties": {
      "level": "0"
    }
  },
  "noise": {
    "min_y": -64,
    "height": 128,
    "size_horizontal": 1,
    "size_vertical": 2
  },
  "noise_router": {
    "barrier": 0,
    "fluid_level_floodedness": 0,
    "fluid_level_spread": 0,
    "lava": 0,
    "temperature": {
      "type": "minecraft:shifted_noise",
      "noise": "minecraft:temperature",
      "xz_scale": 0.25,
      "y_scale": 0,
      "shift_x": "minecraft:shift_x",
      "shift_y": 0,
      "shift_z": "minecraft:shift_z"
    },
    "vegetation": {
      "type": "minecraft:shifted_noise",
      "noise": "minecraft:vegetation",
      "xz_scale": 0.25,
      "y_scale": 0,
      "shift_x": "minecraft:shift_x",
      "shift_y": 0,
      "shift_z": "minecraft:shift_z"
    },
    "continents": "minecraft:overworld/continents",
    "erosion": "minecraft:overworld/erosion",
    "depth": {
      "type": "minecraft:y_clamped_gradient",
      "from_y": -64,
      "to_y": 64,
      "from_value": 1,
      "to_value": -1
    },
    "ridges": "minecraft:overworld/ridges",
    "initial_density_without_jaggedness": 0,
    "final_density": {
      "type": "minecraft:clamp",
      "input": {
        "type": "minecraft:range_choice",
        "input": {
          "type": "minecraft:add",
          "argument1": {
            "type": "minecraft:spline",
            "spline": {
              "coordinate": {
                "type": "minecraft:mul",
                "argument1": "minecraft:y",
                "argument2": {
                  "type": "minecraft:mul",
                  "argument1": {
                    "type": "minecraft:add",
                    "argument1": 1,
                    "argument2": {
                      "type": "minecraft:mul",
                      "argument1": 0.1,
                      "argument2": {
                        "type": "minecraft:abs",
                        "argument": {
                          "type": "minecraft:noise",
                          "noise": "deeper_dark:deeper_dark_noise",
                          "xz_scale": 10,
                          "y_scale": 0
                        }
                      }
                    }
                  },
                  "argument2": 1
                }
              },
              "points": [
                {
                  "location": -59,
                  "derivative": 0,
                  "value": 1
                },
                {
                  "location": 0,
                  "derivative": 0,
                  "value": 0
                },
                {
                  "location": 58,
                  "derivative": 0,
                  "value": 1
                }
              ]
            }
          },
          "argument2": 0
        },
        "min_inclusive": -1,
        "max_exclusive": 1,
        "when_in_range": {
          "type": "minecraft:add",
          "argument1": {
            "type": "minecraft:noise",
            "noise": "deeper_dark:deeper_dark_noise",
            "xz_scale": 10,
            "y_scale": 5
          },
          "argument2": {
            "type": "minecraft:add",
            "argument1": {
              "type": "minecraft:mul",
              "argument1": {
                "type": "minecraft:noise",
                "noise": "deeper_dark:deeper_dark_noise",
                "xz_scale": 10,
                "y_scale": 10
              },
              "argument2": 0.5
            },
            "argument2": {
              "type": "minecraft:add",
              "argument1": {
                "type": "minecraft:max",
                "argument1": {
                  "type": "minecraft:mul",
                  "argument1": {
                    "type": "minecraft:add",
                    "argument1": {
                      "type": "minecraft:add",
                      "argument1": "minecraft:y",
                      "argument2": {
                        "type": "minecraft:mul",
                        "argument1": {
                          "type": "minecraft:noise",
                          "noise": "deeper_dark:deeper_dark_noise",
                          "xz_scale": 1,
                          "y_scale": 1
                        },
                        "argument2": 60
                      }
                    },
                    "argument2": {
                      "type": "minecraft:spline",
                      "spline": {
                        "coordinate": "minecraft:overworld/continents",
                        "points": [
                          {
                            "location": -0.5,
                            "derivative": 0,
                            "value": 0
                          },
                          {
                            "location": 0.5,
                            "derivative": 0,
                            "value": 0
                          },
                          {
                            "location": 1,
                            "derivative": 0,
                            "value": 50
                          }
                        ]
                      }
                    }
                  },
                  "argument2": -1
                },
                "argument2": 0
              },
              "argument2": {
                "type": "minecraft:max",
                "argument1": {
                  "type": "minecraft:add",
                  "argument1": {
                    "type": "minecraft:add",
                    "argument1": "minecraft:y",
                    "argument2": {
                      "type": "minecraft:mul",
                      "argument1": {
                        "type": "minecraft:noise",
                        "noise": "deeper_dark:deeper_dark_noise",
                        "xz_scale": 1,
                        "y_scale": 1
                      },
                      "argument2": 60
                    }
                  },
                  "argument2": {
                    "type": "minecraft:spline",
                    "spline": {
                      "coordinate": "minecraft:overworld/continents",
                      "points": [
                        {
                          "location": -1,
                          "derivative": 0,
                          "value": 1
                        },
                        {
                          "location": -0.5,
                          "derivative": 0,
                          "value": -10
                        },
                        {
                          "location": 0.5,
                          "derivative": 0,
                          "value": -10
                        },
                        {
                          "location": 1,
                          "derivative": 0,
                          "value": -50
                        }
                      ]
                    }
                  }
                },
                "argument2": 0
              }
            }
          }
        },
        "when_out_of_range": 1
      },
      "min": 0,
      "max": 0.1
    },
    "vein_toggle": 0,
    "vein_ridged": 0,
    "vein_gap": 0
  },
  "spawn_target": [],
  "surface_rule": {
    "type": "minecraft:sequence",
    "sequence": [
      {
        "type": "minecraft:condition",
        "if_true": {
          "type": "minecraft:vertical_gradient",
          "random_name": "minecraft:bedrock_floor",
          "true_at_and_below": {
            "above_bottom": 0
          },
          "false_at_and_above": {
            "above_bottom": 5
          }
        },
        "then_run": {
          "type": "minecraft:block",
          "result_state": {
            "Name": "minecraft:bedrock"
          }
        }
      },
      {
        "type": "minecraft:condition",
        "if_true": {
          "type": "minecraft:not",
          "invert": {
            "type": "minecraft:vertical_gradient",
            "random_name": "minecraft:bedrock_roof",
            "true_at_and_below": {
              "below_top": 5
            },
            "false_at_and_above": {
              "below_top": 0
            }
          }
        },
        "then_run": {
          "type": "minecraft:block",
          "result_state": {
            "Name": "minecraft:bedrock"
          }
        }
      }
    ]
  }
}
