[
    {
        "function": "minecraft:set_attributes",
        "modifiers": [
            {
                "attribute": "minecraft:generic.luck",
                "name": "swapto",
                "amount": 0.1,
                "operation": "addition",
                "slot": [
                    "mainhand"
                ]
            },
            {
                "attribute": "minecraft:generic.armor",
                "name": "swapto",
                "amount": -5,
                "operation": "addition",
                "slot": [
                    "mainhand"
                ]
            },
            {
                "attribute": "minecraft:generic.armor_toughness",
                "name": "swapto",
                "amount": -1,
                "operation": "addition",
                "slot": [
                    "mainhand"
                ]
            }
        ]
    },
    {
        "function": "minecraft:set_lore",
        "entity": "this",
        "lore": [
            {
                "color": "gray",
                "italic": true,
                "translate": "item_mod.essrpg.scav.fminwhoe.1.lore.0"
            },
            {
                "color": "green",
                "italic": true,
                "bold": true,
                "translate": "item_mod.essrpg.scav.fminwhoe.1.lore.1"
            },
            {
                "color": "green",
                "italic": true,
                "translate": "item_mod.essrpg.scav.fminwhoe.1.lore.2"
            },
            {
                "color": "green",
                "italic": true,
                "translate": "item_mod.essrpg.scav.fminwhoe.1.lore.3"
            },
            {
                "color": "green",
                "italic": true,
                "translate": "item_mod.essrpg.scav.fminwhoe.1.lore.4"
            }
        ]
    }
]