{
	"textures": {
		"4": "ddo:item/mobs/devourer/tongue2"
	},
	"elements": [
		{
			"from": [
				12.285714285714285,
				24.285714285714285,
				5.428571428571429
			],
			"to": [
				17.42857142857143,
				32,
				10.571428571428571
			],
			"rotation": {
				"angle": 22.5,
				"axis": "z",
				"origin": [
					8,
					8,
					8
				]
			},
			"faces": {
				"north": {
					"uv": [
						0,
						4.5,
						2,
						8
					],
					"texture": "#4"
				},
				"east": {
					"uv": [
						2,
						0,
						4,
						3
					],
					"texture": "#4"
				},
				"south": {
					"uv": [
						4,
						0,
						6,
						3.5
					],
					"texture": "#4"
				},
				"west": {
					"uv": [
						0,
						0,
						2,
						3.5
					],
					"texture": "#4"
				},
				"up": {
					"uv": [
						2,
						0,
						4,
						2
					],
					"texture": "#4"
				},
				"down": {
					"uv": [
						2,
						2.5,
						4,
						4.5
					],
					"texture": "#4"
				}
			}
		}
	],
	"display": {
		"head": {
			"rotation": [
				0,
				180,
				0
			]
		}
	}
}