{
	"textures": {
		"4": "ddo:item/mobs/devourer/tongue2"
	},
	"elements": [
		{
			"from": [
				7.225806451612903,
				25.032258064516128,
				6.451612903225806
			],
			"to": [
				10.32258064516129,
				32,
				9.548387096774194
			],
			"rotation": {
				"angle": 0,
				"axis": "y",
				"origin": [
					8,
					8,
					8
				]
			},
			"faces": {
				"north": {
					"uv": [
						0,
						0,
						1.5,
						3
					],
					"texture": "#4"
				},
				"east": {
					"uv": [
						4.5,
						0,
						6,
						3
					],
					"texture": "#4"
				},
				"south": {
					"uv": [
						3,
						0,
						4.5,
						3
					],
					"texture": "#4"
				},
				"west": {
					"uv": [
						1.5,
						0,
						3,
						3
					],
					"texture": "#4"
				},
				"up": {
					"uv": [
						0,
						3,
						1.5,
						4.5
					],
					"texture": "#4"
				},
				"down": {
					"uv": [
						2,
						4,
						4,
						6
					],
					"texture": "#4"
				}
			}
		}
	],
	"display": {
		"head": {
			"rotation": [
				0,
				180,
				0
			]
		}
	}
}