{
	"textures": {
		"5": "ddo:item/mobs/devourer/stilldontknowwhattocallthis"
	},
	"elements": [
		{
			"from": [
				-4,
				7,
				-4
			],
			"to": [
				20,
				7,
				20
			],
			"rotation": {
				"angle": 0,
				"axis": "y",
				"origin": [
					8,
					8,
					8
				]
			},
			"faces": {
				"north": {
					"uv": [
						0,
						0,
						16,
						0
					],
					"texture": "#5"
				},
				"east": {
					"uv": [
						0,
						0,
						16,
						0
					],
					"texture": "#5"
				},
				"south": {
					"uv": [
						0,
						0,
						16,
						0
					],
					"texture": "#5"
				},
				"west": {
					"uv": [
						0,
						0,
						16,
						0
					],
					"texture": "#5"
				},
				"up": {
					"uv": [
						8,
						8,
						0,
						0
					],
					"texture": "#5"
				},
				"down": {
					"uv": [
						8,
						0,
						0,
						8
					],
					"texture": "#5"
				}
			}
		}
	],
	"display": {
		"head": {
			"rotation": [
				0,
				180,
				0
			]
		}
	}
}