{
	"textures": {
		"4": "ddo:item/mobs/devourer/tongue2"
	},
	"elements": [
		{
			"from": [
				5,
				18,
				5
			],
			"to": [
				11,
				27,
				11
			],
			"rotation": {
				"angle": 0,
				"axis": "y",
				"origin": [
					8,
					8,
					8
				]
			},
			"faces": {
				"north": {
					"uv": [
						0,
						0,
						2,
						3.5
					],
					"texture": "#4"
				},
				"east": {
					"uv": [
						2,
						0,
						4,
						3.5
					],
					"texture": "#4"
				},
				"south": {
					"uv": [
						4,
						0,
						6,
						3.5
					],
					"texture": "#4"
				},
				"west": {
					"uv": [
						0,
						4.5,
						2,
						8
					],
					"texture": "#4"
				},
				"up": {
					"uv": [
						4,
						6.5,
						2,
						4.5
					],
					"texture": "#4"
				},
				"down": {
					"uv": [
						6,
						4.5,
						4,
						6.5
					],
					"texture": "#4"
				}
			}
		}
	],
	"display": {
		"head": {
			"rotation": [
				0,
				180,
				0
			]
		}
	}
}