{
	"textures": {
		"2": "ddo:item/mobs/devourer/lips"
	},
	"elements": [
		{
			"from": [
				-1,
				5,
				14
			],
			"to": [
				17,
				5,
				24
			],
			"rotation": {
				"angle": -22.5,
				"axis": "x",
				"origin": [
					8,
					8,
					8
				]
			},
			"faces": {
				"north": {
					"uv": [
						0,
						0,
						32,
						0
					],
					"rotation": 180,
					"texture": "#2"
				},
				"east": {
					"uv": [
						0,
						0,
						16,
						0
					],
					"rotation": 180,
					"texture": "#2"
				},
				"south": {
					"uv": [
						0,
						0,
						32,
						0
					],
					"rotation": 180,
					"texture": "#2"
				},
				"west": {
					"uv": [
						0,
						0,
						16,
						0
					],
					"rotation": 180,
					"texture": "#2"
				},
				"up": {
					"uv": [
						0,
						0,
						16,
						9
					],
					"rotation": 180,
					"texture": "#2"
				},
				"down": {
					"uv": [
						0,
						9,
						16,
						0
					],
					"rotation": 180,
					"texture": "#2"
				}
			}
		}
	],
	"display": {
		"head": {
			"rotation": [
				0,
				180,
				0
			]
		}
	}
}