{
	"textures": {
		"1": "ddo:item/mobs/devourer/mouth"
	},
	"elements": [
		{
			"from": [
				-1,
				5,
				-1
			],
			"to": [
				17,
				8,
				17
			],
			"rotation": {
				"angle": 0,
				"axis": "y",
				"origin": [
					8,
					8,
					8
				]
			},
			"faces": {
				"north": {
					"uv": [
						16,
						6.5,
						8.5,
						8
					],
					"texture": "#1"
				},
				"east": {
					"uv": [
						16,
						5,
						8.5,
						6.5
					],
					"texture": "#1"
				},
				"south": {
					"uv": [
						16,
						3.5,
						8.5,
						5
					],
					"texture": "#1"
				},
				"west": {
					"uv": [
						16,
						2,
						8.5,
						3.5
					],
					"texture": "#1"
				},
				"up": {
					"uv": [
						8.5,
						0,
						0,
						8
					],
					"texture": "#1"
				},
				"down": {
					"uv": [
						8.5,
						8,
						0,
						16
					],
					"texture": "#1"
				}
			}
		}
	],
	"display": {
		"head": {
			"rotation": [
				0,
				180,
				0
			]
		}
	}
}