{
	"textures": {
		"3": "ddo:item/mobs/devourer/tongue1"
	},
	"elements": [
		{
			"from": [
				4,
				8,
				4
			],
			"to": [
				12,
				18,
				12
			],
			"rotation": {
				"angle": 0,
				"axis": "y",
				"origin": [
					8,
					8,
					8
				]
			},
			"faces": {
				"north": {
					"uv": [
						0,
						0,
						3,
						5
					],
					"texture": "#3"
				},
				"east": {
					"uv": [
						3,
						0,
						6,
						5
					],
					"texture": "#3"
				},
				"south": {
					"uv": [
						0,
						5,
						3,
						10
					],
					"texture": "#3"
				},
				"west": {
					"uv": [
						3,
						5,
						6,
						10
					],
					"texture": "#3"
				},
				"up": {
					"uv": [
						9,
						3,
						6,
						0
					],
					"texture": "#3"
				},
				"down": {
					"uv": [
						9,
						3,
						6,
						6
					],
					"texture": "#3"
				}
			}
		}
	],
	"display": {
		"head": {
			"rotation": [
				0,
				180,
				0
			]
		}
	}
}