{
	"textures": {
		"0": "ddo:item/mobs/watcher/sculk"
	},
	"elements": [
		{
			"from": [
				0,
				8,
				0
			],
			"to": [
				16,
				12,
				16
			],
			"faces": {
				"north": {
					"uv": [
						0,
						0,
						16,
						5
					],
					"texture": "#0"
				},
				"east": {
					"uv": [
						0,
						10,
						16,
						15
					],
					"texture": "#0"
				},
				"south": {
					"uv": [
						0,
						2,
						16,
						7
					],
					"texture": "#0"
				},
				"west": {
					"uv": [
						0,
						5,
						16,
						10
					],
					"texture": "#0"
				},
				"up": {
					"uv": [
						0,
						0,
						16,
						16
					],
					"texture": "#0"
				},
				"down": {
					"uv": [
						0,
						0,
						16,
						16
					],
					"texture": "#0"
				}
			}
		}
	],
	"display": {
		"head": {
			"rotation": [
				0,
				180,
				0
			]
		}
	}
}