{
	"textures": {
		"1": "ddo:item/mobs/watcher/body1",
		"7": "ddo:item/mobs/watcher/vines"
	},
	"elements": [
		{
			"from": [
				8,
				10,
				-3
			],
			"to": [
				8,
				23,
				19
			],
			"rotation": {
				"angle": 45,
				"axis": "y",
				"origin": [
					8,
					8,
					8
				]
			},
			"faces": {
				"north": {
					"uv": [
						0,
						0,
						0,
						5.5
					],
					"texture": "#7"
				},
				"east": {
					"uv": [
						0,
						0,
						11,
						5.5
					],
					"texture": "#7"
				},
				"south": {
					"uv": [
						0,
						0,
						0,
						5.5
					],
					"texture": "#7"
				},
				"west": {
					"uv": [
						11,
						0,
						0,
						5.5
					],
					"texture": "#7"
				},
				"up": {
					"uv": [
						0,
						11,
						0,
						0
					],
					"texture": "#7"
				},
				"down": {
					"uv": [
						0,
						0,
						0,
						11
					],
					"texture": "#7"
				}
			}
		},
		{
			"from": [
				8,
				10,
				-3
			],
			"to": [
				8,
				23,
				19
			],
			"rotation": {
				"angle": -45,
				"axis": "y",
				"origin": [
					8,
					8,
					8
				]
			},
			"faces": {
				"north": {
					"uv": [
						0,
						0,
						0,
						5.5
					],
					"texture": "#7"
				},
				"east": {
					"uv": [
						0,
						0,
						11,
						5.5
					],
					"texture": "#7"
				},
				"south": {
					"uv": [
						0,
						0,
						0,
						5.5
					],
					"texture": "#7"
				},
				"west": {
					"uv": [
						11,
						0,
						0,
						5.5
					],
					"texture": "#7"
				},
				"up": {
					"uv": [
						0,
						11,
						0,
						0
					],
					"texture": "#7"
				},
				"down": {
					"uv": [
						0,
						0,
						0,
						11
					],
					"texture": "#7"
				}
			}
		},
		{
			"from": [
				3,
				8,
				2
			],
			"to": [
				13,
				18,
				12
			],
			"rotation": {
				"angle": 22.5,
				"axis": "x",
				"origin": [
					8,
					8,
					8
				]
			},
			"faces": {
				"north": {
					"uv": [
						5,
						0,
						10,
						4
					],
					"texture": "#1"
				},
				"east": {
					"uv": [
						5,
						4,
						10,
						8
					],
					"texture": "#1"
				},
				"south": {
					"uv": [
						5,
						8,
						10,
						12
					],
					"texture": "#1"
				},
				"west": {
					"uv": [
						0,
						10,
						5,
						14
					],
					"texture": "#1"
				},
				"up": {
					"uv": [
						5,
						5,
						0,
						0
					],
					"texture": "#1"
				},
				"down": {
					"uv": [
						5,
						5,
						0,
						10
					],
					"texture": "#1"
				}
			}
		}
	],
	"display": {
		"head": {
			"rotation": [
				0,
				180,
				0
			]
		}
	}
}