{
	"textures": {
		"2": "ddo:item/mobs/watcher/body2",
		"3": "ddo:item/mobs/watcher/body3"
	},
	"elements": [
		{
			"from": [
				5,
				14,
				-6
			],
			"to": [
				11,
				19,
				4
			],
			"rotation": {
				"angle": 45,
				"axis": "x",
				"origin": [
					8,
					8,
					8
				]
			},
			"faces": {
				"north": {
					"uv": [
						6,
						0,
						9,
						2.5
					],
					"texture": "#2"
				},
				"east": {
					"uv": [
						0,
						4.5,
						5.5,
						7.5
					],
					"texture": "#2"
				},
				"south": {
					"uv": [
						6,
						2.5,
						9,
						5
					],
					"texture": "#2"
				},
				"west": {
					"uv": [
						5.5,
						5,
						10,
						7.5
					],
					"texture": "#2"
				},
				"up": {
					"uv": [
						3,
						4.5,
						0,
						0
					],
					"texture": "#2"
				},
				"down": {
					"uv": [
						6,
						0,
						3,
						4.5
					],
					"texture": "#2"
				}
			}
		},
		{
			"from": [
				7,
				21,
				15
			],
			"to": [
				9,
				28,
				18
			],
			"rotation": {
				"angle": -45,
				"axis": "x",
				"origin": [
					8,
					8,
					8
				]
			},
			"faces": {
				"north": {
					"uv": [
						5,
						0,
						7,
						6
					],
					"texture": "#3"
				},
				"east": {
					"uv": [
						0,
						0,
						2,
						6
					],
					"texture": "#3"
				},
				"south": {
					"uv": [
						7,
						0,
						8,
						6
					],
					"texture": "#3"
				},
				"west": {
					"uv": [
						2,
						0,
						5,
						6
					],
					"texture": "#3"
				},
				"up": {
					"uv": [
						8,
						20,
						4,
						14
					],
					"texture": "#3"
				},
				"down": {
					"uv": [
						12,
						14,
						8,
						20
					],
					"texture": "#3"
				}
			}
		}
	],
	"display": {
		"head": {
			"rotation": [
				0,
				180,
				0
			]
		}
	}
}