{
	"textures": {
		"4": "ddo:item/mobs/watcher/eye",
		"6": "ddo:item/mobs/watcher/eye2",
		"8": "ddo:item/mobs/watcher/eyevines"
	},
	"elements": [
		{
			"from": [
				16.432432432432435,
				16.432432432432435,
				0.8648648648648649
			],
			"to": [
				20.324324324324323,
				20.324324324324323,
				4.756756756756756
			],
			"rotation": {
				"angle": 45,
				"axis": "z",
				"origin": [
					8,
					8,
					8
				]
			},
			"faces": {
				"north": {
					"uv": [
						0,
						0,
						3,
						3
					],
					"texture": "#4"
				},
				"east": {
					"uv": [
						0,
						3,
						3,
						6
					],
					"texture": "#4"
				},
				"south": {
					"uv": [
						3,
						0,
						6,
						3
					],
					"texture": "#4"
				},
				"west": {
					"uv": [
						3,
						3,
						6,
						6
					],
					"texture": "#4"
				},
				"up": {
					"uv": [
						3,
						9,
						0,
						6
					],
					"texture": "#4"
				},
				"down": {
					"uv": [
						9,
						0,
						6,
						3
					],
					"texture": "#4"
				}
			}
		},
		{
			"from": [
				-3.675675675675677,
				17.08108108108108,
				4.756756756756756
			],
			"to": [
				-1.0810810810810807,
				19.675675675675677,
				5.405405405405405
			],
			"rotation": {
				"angle": -45,
				"axis": "z",
				"origin": [
					8,
					8,
					8
				]
			},
			"faces": {
				"north": {
					"uv": [
						0,
						0,
						4,
						4
					],
					"texture": "#6"
				},
				"east": {
					"uv": [
						4,
						0,
						5,
						4
					],
					"texture": "#6"
				},
				"south": {
					"uv": [
						0,
						4,
						4,
						8
					],
					"texture": "#6"
				},
				"west": {
					"uv": [
						4,
						4,
						5,
						8
					],
					"texture": "#6"
				},
				"up": {
					"uv": [
						9,
						1,
						5,
						0
					],
					"texture": "#6"
				},
				"down": {
					"uv": [
						9,
						1,
						5,
						2
					],
					"texture": "#6"
				}
			}
		},
		{
			"from": [
				10.594594594594595,
				18.37837837837838,
				2.1621621621621614
			],
			"to": [
				10.594594594594595,
				22.91891891891892,
				5.405405405405405
			],
			"faces": {
				"north": {
					"uv": [
						0,
						0,
						0,
						7
					],
					"texture": "#8"
				},
				"east": {
					"uv": [
						0,
						0,
						5,
						7
					],
					"texture": "#8"
				},
				"south": {
					"uv": [
						0,
						0,
						0,
						7
					],
					"texture": "#8"
				},
				"west": {
					"uv": [
						5,
						0,
						0,
						7
					],
					"texture": "#8"
				},
				"up": {
					"uv": [
						0,
						5,
						0,
						0
					],
					"texture": "#8"
				},
				"down": {
					"uv": [
						0,
						0,
						0,
						5
					],
					"texture": "#8"
				}
			}
		}
	],
	"display": {
		"head": {
			"rotation": [
				0,
				180,
				0
			]
		}
	}
}