{
	"textures": {
		"5": "ddo:item/mobs/watcher/pupil"
	},
	"elements": [
		{
			"from": [
				22,
				22,
				-4
			],
			"to": [
				26,
				26,
				-3
			],
			"rotation": {
				"angle": 45,
				"axis": "z",
				"origin": [
					8,
					8,
					8
				]
			},
			"faces": {
				"north": {
					"uv": [
						0,
						0,
						4,
						4
					],
					"texture": "#5"
				},
				"east": {
					"uv": [
						4,
						0,
						5,
						4
					],
					"texture": "#5"
				},
				"south": {
					"uv": [
						0,
						4,
						4,
						8
					],
					"texture": "#5"
				},
				"west": {
					"uv": [
						4,
						4,
						5,
						8
					],
					"texture": "#5"
				},
				"up": {
					"uv": [
						9,
						2,
						5,
						1
					],
					"texture": "#5"
				},
				"down": {
					"uv": [
						9,
						0,
						5,
						1
					],
					"texture": "#5"
				}
			}
		}
	],
	"display": {
		"head": {
			"rotation": [
				0,
				180,
				0
			]
		}
	}
}