{
    "comment": "This template is used by the vanilla Witch in ERPG - change this to fit YOUR mob!",
    "type": "minecraft:entity",
    "pools": [
      {
        "rolls": {
          "min": 1,
          "max": 1
        },
        "bonus_rolls": {
          "min": 0,
          "max": 2
        },
        "entries": [
          {
            "type": "minecraft:loot_table",
            "name": "essences:item/common/generichostile",
            "conditions": [
              {
                "condition": "minecraft:random_chance",
                "chance": 1.0
              }
            ]
          }
        ]
      },
      {
        "rolls": {
          "min": 1,
          "max": 3
        },
        "bonus_rolls": {
          "min": 0,
          "max": 2
        },
        "entries": [
          {
            "type": "minecraft:loot_table",
            "name": "essences:item/common/genericprotector",
            "conditions": [
              {
                "condition": "minecraft:random_chance",
                "chance": 0.7
              }
            ]
          }
        ]
      },
      {
        "rolls": {
          "min": 1,
          "max": 3
        },
        "bonus_rolls": {
          "min": 0,
          "max": 2
        },
        "entries": [
          {
            "type": "minecraft:loot_table",
            "name": "essences:item/common/genericfarm",
            "conditions": [
              {
                "condition": "minecraft:random_chance",
                "chance": 0.7
              }
            ]
          }
        ]
      }
    ]
  }