{
    "type": "minecraft:chest",
    "pools": [
      {
        "rolls": {
          "min": 1,
          "max": 2
        },
        "bonus_rolls": {
          "min": 0,
          "max": 1
        },
        "entries": [
          {
            "type": "minecraft:loot_table",
            "name": "essences:chestloot/scavchest"
          }
        ]
      },
      {
        "rolls": {
          "min": 0,
          "max": 1
        },
        "bonus_rolls": {
          "min": 0,
          "max": 1
        },
        "entries": [
          {
            "type": "minecraft:loot_table",
            "name": "essences:chestloot/protchest"
          }
        ]
      }
    ]
  }