{
    "comment": "Heirloom bow",
    "pools": [
        {
            "rolls": 1,
            "entries": [
                {
                    "type": "minecraft:item",
                    "name": "minecraft:bow",
                    "functions": [
                        {
                            "function": "minecraft:set_name",
                            "entity": "this",
                            "name": {
                                "color": "white",
                                "bold": false,
                                "italic": false,
                                "translate": "item.essrpg.heirloom.hunt"
                            }
                        },
                        {
                            "function": "minecraft:set_nbt",
                            "tag": "{esitem:hunt,esitemgroup:heirloomwep,es.augslots:0,es.customauggable:true,es.arrowconserve:1b,es.arrow_dmg_base_overrided:1b,CustomModelData:410001,Unbreakable:1b}"
                        },
                        {
                            "function": "minecraft:set_lore",
                            "entity": "this",
                            "lore": [
                                {
                                    "translate": "item.essrpg.heirloom.hunt.lore.0"
                                },
                                {
                                    "translate": "item.essrpg.heirloom.hunt.lore.1"
                                },
                                {
                                    "translate": "item.essrpg.heirloom.hunt.lore.2"
                                },
                                {
                                    "translate": "item.essrpg.heirloom.hunt.lore.3"
                                },
                                {
                                    "translate": "item.essrpg.heirloom.hunt.lore.4"
                                },
                                {
                                    "translate": "item.essrpg.heirloom.hunt.lore.5"
                                },
                                {
                                    "translate": "item.essrpg.heirloom.hunt.lore.6",
                                    "italic": false,
                                    "color": "gray"
                                },
                                {
                                    "translate": "item.essrpg.heirloom.hunt.lore.7",
                                    "italic": false,
                                    "color": "green"
                                },
                                {
                                    "translate": "item.essrpg.heirloom.hunt.lore.8",
                                    "italic": false,
                                    "color": "red"
                                },
                                [{
                                  "text": "c ",
                                  "color": "white",
                                  "italic": false,
                                  "font": "erpg:sigicon"
                                },
                                {
                                  "translate": "item.essrpg.packsig",
                                  "color": "gold",
                                  "font": "minecraft:default",
                                  "italic": true
                                }]
                            ]
                        }
                    ]
                }
            ]
        }
    ]
}