{
  "parent": "minecraft:end/enter_end_gateway",
  "criteria": {
    "minecraft:the_end": {
      "conditions": {
        "player": [
          {
            "condition": "minecraft:entity_properties",
            "entity": "this",
            "predicate": {
              "location": {
                "biome": "minecraft:the_end"
              }
            }
          }
        ]
      },
      "trigger": "minecraft:location"
    },
    "minecraft:small_end_islands": {
      "conditions": {
        "player": [
          {
            "condition": "minecraft:entity_properties",
            "entity": "this",
            "predicate": {
              "location": {
                "biome": "minecraft:small_end_islands"
              }
            }
          }
        ]
      },
      "trigger": "minecraft:location"
    },
    "minecraft:end_barrens": {
      "conditions": {
        "player": [
          {
            "condition": "minecraft:entity_properties",
            "entity": "this",
            "predicate": {
              "location": {
                "biome": "minecraft:end_barrens"
              }
            }
          }
        ]
      },
      "trigger": "minecraft:location"
    },
    "minecraft:end_midlands": {
      "conditions": {
        "player": [
          {
            "condition": "minecraft:entity_properties",
            "entity": "this",
            "predicate": {
              "location": {
                "biome": "minecraft:end_midlands"
              }
            }
          }
        ]
      },
      "trigger": "minecraft:location"
    },
    "minecraft:end_highlands": {
      "conditions": {
        "player": [
          {
            "condition": "minecraft:entity_properties",
            "entity": "this",
            "predicate": {
              "location": {
                "biome": "minecraft:end_highlands"
              }
            }
          }
        ]
      },
      "trigger": "minecraft:location"
    }
  },
  "display": {
    "announce_to_chat": true,
    "description": {
      "translate": "advancements.end.explore_end.description"
    },
    "frame": "challenge",
    "hidden": false,
    "icon": {
      "item": "minecraft:diamond_boots",
      "nbt": "{Damage:0}"
    },
    "show_toast": true,
    "title": {
      "translate": "advancements.end.explore_end.title"
    }
  },
  "requirements": [
    [
      "minecraft:end_barrens"
    ],
    [
      "minecraft:end_midlands"
    ],
    [
      "minecraft:end_highlands"
    ],
    [
      "minecraft:small_end_islands"
    ],
    [
      "minecraft:the_end"
    ]
  ],
  "rewards": {
    "experience": 250
  }
}