{
	"credit": "Made with Blockbench",
	"ambientocclusion": false,
	"texture_size": [32, 32],
	"textures": {
		"0": "block/wall_mushroom",
		"particle": "block/wall_mushroom"
	},
	"elements": [
		{
			"from": [-3, 5, 7],
			"to": [9, 9, 19],
			"faces": {
				"north": {"uv": [7, 0, 14, 2], "texture": "#0"},
				"east": {"uv": [7, 0, 14, 2], "texture": "#0"},
				"south": {"uv": [7, 0, 14, 2], "texture": "#0"},
				"west": {"uv": [7, 0, 14, 2], "texture": "#0"},
				"up": {"uv": [7, 7, 0, 0], "texture": "#0"},
				"down": {"uv": [7, 7, 0, 14], "texture": "#0"}
			}
		},
		{
			"from": [9, 1, 8],
			"to": [18, 4, 17],
			"faces": {
				"north": {"uv": [7, 7, 12, 8.5], "texture": "#0"},
				"east": {"uv": [7, 7, 12, 8.5], "texture": "#0"},
				"south": {"uv": [7, 7, 12, 8.5], "texture": "#0"},
				"west": {"uv": [7, 7, 12, 8.5], "texture": "#0"},
				"up": {"uv": [7, 2, 12, 7], "texture": "#0"},
				"down": {"uv": [7, 8.5, 12, 13.5], "texture": "#0"}
			}
		},
		{
			"from": [8, 11, 9],
			"to": [15, 14, 16],
			"faces": {
				"north": {"uv": [12, 6, 16, 7.5], "texture": "#0"},
				"east": {"uv": [12, 6, 16, 7.5], "texture": "#0"},
				"south": {"uv": [12, 6, 16, 7.5], "texture": "#0"},
				"west": {"uv": [12, 6, 16, 7.5], "texture": "#0"},
				"up": {"uv": [12, 2, 16, 6], "texture": "#0"},
				"down": {"uv": [12, 7.5, 16, 11.5], "texture": "#0"}
			}
		}
	],
	"display": {}
}