{
	"credit": "Made with Blockbench",
	"ambientocclusion": false,
	"textures": {
		"0": "block/wall_plant",
		"1": "block/wall_plant_leaf",
		"particle": "block/wall_plant"
	},
	"elements": [
		{
			"from": [0, 0, 15],
			"to": [16, 8, 15],
			"shade": false,
			"rotation": {"angle": 22.5, "axis": "x", "origin": [8, 8, 14]},
			"faces": {
				"north": {"uv": [16, 16, 0, 8], "rotation": 180, "texture": "#1"},
				"south": {"uv": [16, 16, 0, 8], "rotation": 180, "texture": "#1"}
			}
		},
		{
			"from": [0, 6, 13],
			"to": [16, 14, 13],
			"shade": false,
			"rotation": {"angle": 22.5, "axis": "x", "origin": [8, 8, 14]},
			"faces": {
				"north": {"uv": [16, 8, 0, 0], "rotation": 180, "texture": "#1"},
				"south": {"uv": [16, 8, 0, 0], "rotation": 180, "texture": "#1"}
			}
		},
		{
			"from": [0, 0, 15],
			"to": [16, 16, 15],
			"shade": false,
			"rotation": {"angle": 0, "axis": "x", "origin": [8, 8, 14]},
			"faces": {
				"north": {"uv": [0, 0, 16, 16], "rotation": 180, "texture": "#0"},
				"south": {"uv": [16, 16, 0, 0], "texture": "#0"}
			}
		}
	]
}