{
  "type": "minecraft:entity",
  "pools": [
    {
      "rolls": {
        "min": 1,
        "max": 1
      },
      "bonus_rolls": {
        "min": 0,
        "max": 1
      },
      "entries": [
        {
          "type": "minecraft:loot_table",
          "name": "essences:item/common/generichostile",
          "conditions": [
            {
              "condition": "minecraft:random_chance",
              "chance": 1.0
            }
          ]
        }
      ]
    }
  ]
}