{
    "display": {
        "title": {
            "text": "Personal Ascendance",
            "color": "white"
        },
        "description": {
            "text": "Imbue oneself with the book.",
            "color": "green"
        },
        "icon": {
            "item": "minecraft:written_book",
            "nbt": "{CustomModelData:410001}"
        },
        "frame": "task",
        "show_toast": true,
        "announce_to_chat": true,
        "hidden": false
    },
    "criteria": {
        "imbueorempow": {
            "trigger": "minecraft:impossible"
        }
    },
    "parent": "essences:root"
}