{
    "comment": "dropped by the dragon",
    "pools": [
        {
            "rolls": 1,
            "entries": [
                {
                    "type": "minecraft:item",
                    "name": "minecraft:carrot_on_a_stick",
                    "weight": 1,
                    "functions": [
                        {
                            "function": "minecraft:set_nbt",
                            "tag": "{esitem:unformed,esitemgroup:bosskey,CustomModelData:410008,Enchantments:[{id:\"minecraft:infinity\",lvl:1}],Unbreakable:1,HideFlags:5}"
                        },
                        {
                            "function": "minecraft:set_name",
                            "name": {
                                "translate": "item.essrpg.bosskey.unformed_essence"
                            },
                            "entity": "this"
                        },
                        {
                            "function": "minecraft:set_lore",
                            "lore": [
                                {
                                    "translate": "item.essrpg.bosskey.unformed_essence.lore.0"
                                },
                                {
                                    "translate": "item.essrpg.bosskey.unformed_essence.lore.1"
                                },
                                {
                                    "translate": "item.essrpg.bosskey.unformed_essence.lore.2"
                                },
                                {
                                    "translate": "item.essrpg.bosskey.unformed_essence.lore.3"
                                },
                                {
                                    "translate": "item.essrpg.bosskey.unformed_essence.lore.4"
                                },
                                [{
                                  "text": "c ",
                                  "color": "white",
                                  "italic": false,
                                  "font": "erpg:sigicon"
                                },
                                {
                                  "translate": "item.essrpg.packsig",
                                  "color": "gold",
                                  "font": "minecraft:default",
                                  "italic": true
                                }]
                            ],
                            "entity": "this"
                        }
                    ]
                }
            ]
        }
    ]
}