{
    "criteria": {
      "requirement": {
        "trigger": "minecraft:entity_hurt_player",
        "conditions": {
          "player": [
            {
              "condition": "minecraft:entity_properties",
              "entity": "this",
              "predicate": {
                "equipment": {
                  "mainhand": {
                    "items": ["minecraft:shield"],
                    "nbt": "{es.auggroup:shield}"
                  }
                }
              }
            }
          ],
          "damage": {
            "blocked": true,
            "type": {
              "is_projectile": false
            }
          }
        }
      }
    },
    "requirements": [
      [
        "requirement"
      ]
    ],
    "rewards": {
      "function": "essences:player/augments/shieldblock"
    }
  }