{
    "display": {
        "title": {
            "text": "Call of Ascendance",
            "color": "dark_purple",
            "bold": true,
            "italic": true
        },
        "description": {
            "text": "Claim the Unformed Essence from the Dragon or a cultist."
        },
        "icon": {
            "item": "minecraft:carrot_on_a_stick",
            "nbt": "{CustomModelData:410008}"
        },
        "frame": "goal",
        "show_toast": true,
        "announce_to_chat": true,
        "hidden": false
    },
    "criteria": {
        "unformed": {
            "trigger": "minecraft:inventory_changed",
            "conditions": {
                "items": [
                    {
                        "items": ["minecraft:carrot_on_a_stick"],
                        "nbt": "{CustomModelData:410008}",
                        "count": {
                            "min": 1,
                            "max": 1
                        }
                    }
                ]
            }
        }
    },
    "parent": "essences:es_upgrade"
}