[
    {
        "function": "minecraft:set_attributes",
        "modifiers": [
            {
                "attribute": "minecraft:generic.knockback_resistance",
                "name": "es.reflexslot",
                "amount": 0.15,
                "operation": "addition",
                "slot": [
                    "mainhand"
                ]
            },
            {
                "attribute": "minecraft:generic.luck",
                "name": "es.reflexslot",
                "amount": 0.07,
                "operation": "addition",
                "slot": [
                    "mainhand"
                ]
            }
        ]
    },
    {
        "function": "minecraft:set_lore",
        "entity": "this",
        "lore": [
            {
                "color": "gray",
                "italic": true,
                "translate": "item_mod.essrpg.scav.fminturtle.1.lore.0"
            },
            {
                "color": "green",
                "italic": true,
                "translate": "item_mod.essrpg.scav.fminturtle.1.lore.1"
            },
            {
                "color": "green",
                "italic": true,
                "translate": "item_mod.essrpg.scav.fminturtle.1.lore.2"
            }
        ]
    }
]