{
  "type": "minecraft:chest",
  "pools": [
    {
      "rolls": 1,
      "entries": [
        {
          "type": "minecraft:loot_table",
          "name": "essences:item/relic/phantoms_bane"
        }
      ],
      "conditions": [
        {
          "condition": "minecraft:random_chance",
          "chance": 0.2
        }
      ]
    },
    {
      "rolls": {
        "min": 2,
        "max": 4
      },
      "bonus_rolls": {
        "min": 0,
        "max": 1
      },
      "entries": [
        {
          "type": "minecraft:loot_table",
          "name": "essences:chestloot/scavchest"
        }
      ]
    },
    {
      "rolls": {
        "min": 2,
        "max": 4
      },
      "bonus_rolls": {
        "min": 0,
        "max": 1
      },
      "entries": [
        {
          "type": "minecraft:loot_table",
          "name": "essences:chestloot/protchest"
        }
      ]
    },
    {
      "rolls": {
        "min": 2,
        "max": 4
      },
      "bonus_rolls": {
        "min": 0,
        "max": 1
      },
      "entries": [
        {
          "type": "minecraft:loot_table",
          "name": "essences:chestloot/fightchest"
        }
      ]
    }
  ]
}