{
    "pools": [
      {
        "rolls": 1,
        "entries": [
          {
            "type": "minecraft:loot_table",
            "weight": 100,
            "name": "essences:item/relic/spectral_rapier"
          },
          {
            "type": "minecraft:loot_table",
            "weight": 100,
            "name": "essences:item/relic/defiler"
          },
          {
            "type": "minecraft:loot_table",
            "weight": 20,
            "name": "essences:item/relic/illustre"
          },
          {
            "type": "minecraft:loot_table",
            "weight": 100,
            "name": "essences:item/relic/phantoms_bane"
          },
          {
            "type": "minecraft:loot_table",
            "weight": 100,
            "name": "essences:item/relic/walkers"
          }
        ]
      }
    ]
  }