{
    "comment": "dropped by the wither boss",
    "pools": [
        {
            "rolls": {
                "min": 1,
                "max": 1
            },
            "entries": [
                {
                    "type": "minecraft:item",
                    "name": "minecraft:black_dye",
                    "functions": [
                        {
                            "function": "minecraft:set_name",
                            "entity": "this",
                            "name": {
                                "translate": "item.essrpg.bosskey.eotd"
                            }
                        },
                        {
                            "function": "minecraft:set_lore",
                            "entity": "this",
                            "lore": [
                                {
                                    "translate": "item.essrpg.bosskey.eotd.lore.0"
                                },
                                {
                                    "translate": "item.essrpg.bosskey.eotd.lore.1"
                                },
                                {
                                    "translate": "item.essrpg.bosskey.eotd.lore.2"
                                },
                                {
                                    "translate": "item.essrpg.bosskey.eotd.lore.3"
                                },
                                {
                                    "translate": "item.essrpg.bosskey.eotd.lore.4"
                                },
                                [{
                                  "text": "c ",
                                  "color": "white",
                                  "italic": false,
                                  "font": "erpg:sigicon"
                                },
                                {
                                  "translate": "item.essrpg.packsig",
                                  "color": "gold",
                                  "font": "minecraft:default",
                                  "italic": true
                                }]
                            ]
                        },
                        {
                            "function": "minecraft:set_nbt",
                            "tag": "{esitem:eotd,esitemgroup:bosskey,HideFlags:1,Enchantments:[{id:\"minecraft:thorns\",lvl:40}]}"
                        }
                    ]
                }
            ]
        }
    ]
}