{
  "parent": "essences:mobloot/parent",
  "criteria": {
    "requirement": {
      "trigger": "minecraft:player_killed_entity",
      "conditions": {
        "entity": [
          {
            "condition": "minecraft:entity_properties",
            "entity": "this",
            "predicate": {
              "type": "minecraft:stray"
            }
          },
          {
            "condition": "minecraft:inverted",
            "term": {
              "condition": "minecraft:entity_properties",
              "entity": "this",
              "predicate": {
                "nbt": "{Tags:[\"smithed.entity\"]}"
              }
            }
          }
        ]
      }
    }
  },
  "rewards": {
    "function": "essences:misc/loot_advancement_clear",
    "loot": [
      "essences:mobloot/stray"
    ]
  }
}