[
    {
      "function": "minecraft:set_nbt",
      "tag": "{es.tier_upgraded:1b}"
    },
    {
      "function": "minecraft:set_attributes",
      "modifiers": [
        {
          "attribute": "minecraft:generic.armor_toughness",
          "name": "es.upgraded_diamond.chestplate.tgh",
          "amount": 1,
          "operation": "addition",
          "slot": "chest"
        },
        {
          "attribute": "minecraft:generic.knockback_resistance",
          "name": "es.upgraded_diamond.chestplate.kbr",
          "amount": 1,
          "operation": "addition",
          "slot": "chest"
        }
      ]
    },
    {
      "function": "minecraft:copy_nbt",
      "source": {
        "type": "minecraft:storage",
        "source": "essences:upgraded_diamond"
      },
      "ops": [
        {
          "source": "chestplate.lore.4",
          "target": "display.Lore[3]",
          "op": "replace"
        },
        {
          "source": "chestplate.lore.5",
          "target": "display.Lore[4]",
          "op": "replace"
        }
      ]
    }
  ][
    {
        "function": "minecraft:set_count",
        "count": 1
    }
]