[
    {
      "function": "minecraft:set_nbt",
      "tag": "{es.tier_upgraded:1b}"
    },
    {
      "function": "minecraft:set_attributes",
      "modifiers": [
        {
          "attribute": "minecraft:generic.attack_damage",
          "name": "es.upgraded_diamond.shovel.dmg",
          "amount": 1,
          "operation": "addition",
          "slot": "mainhand"
        }
      ]
    },
    {
      "function": "minecraft:copy_nbt",
      "source": {
        "type": "minecraft:storage",
        "source": "essences:upgraded_diamond"
      },
      "ops": [
        {
          "source": "shovel.lore.3",
          "target": "display.Lore[2]",
          "op": "replace"
        }
      ]
    }
  ]