[
    {
        "function": "minecraft:set_lore",
        "entity": "this",
        "lore": [
            {
                "color": "gray",
                "italic": true,
                "translate": "item_mod.essrpg.scav.fmaxrodtool.1.lore.0"
            },
            {
                "color": "green",
                "italic": true,
                "translate": "item_mod.essrpg.scav.fmaxrodtool.1.lore.1"
            },
            {
                "color": "green",
                "italic": true,
                "translate": "item_mod.essrpg.scav.fmaxrodtool.1.lore.2"
            },
            {
                "color": "green",
                "italic": true,
                "translate": "item_mod.essrpg.scav.fmaxrodtool.1.lore.3"
            }
        ]
    }
]