{
  "type": "minecraft:entity",
  "pools": [
    {
      "rolls": 1,
      "entries": [
        {
          "type": "minecraft:loot_table",
          "name": "essences:item/relic/affliction",
          "conditions": [
            {
              "condition": "minecraft:random_chance",
              "chance": 0.15
            }
          ]
        }
      ]
    },
    {
      "rolls": {
        "min": 60,
        "max": 120
      },
      "entries": [
        {
          "type": "minecraft:loot_table",
          "name": "essences:item/common/generichostile",
          "conditions": [
            {
              "condition": "minecraft:random_chance",
              "chance": 1
            }
          ]
        }
      ]
    },
    {
      "rolls": {
        "min": 60,
        "max": 120
      },
      "entries": [
        {
          "type": "minecraft:loot_table",
          "name": "essences:item/common/genericprotector",
          "conditions": [
            {
              "condition": "minecraft:random_chance",
              "chance": 1
            }
          ]
        }
      ]
    },
    {
      "rolls": {
        "min": 60,
        "max": 120
      },
      "entries": [
        {
          "type": "minecraft:loot_table",
          "name": "essences:item/common/genericfarm",
          "conditions": [
            {
              "condition": "minecraft:random_chance",
              "chance": 1
            }
          ]
        }
      ]
    }
  ]
}