{
  "type": "minecraft:entity",
  "pools": [
    {
      "rolls": 1,
      "entries": [
        {
          "type": "minecraft:loot_table",
          "name": "essences:item/relic/slipshot"
        }
      ],
      "conditions": [
        {
          "condition": "minecraft:random_chance",
          "chance": 0.1
        }
      ]
    },
    {
      "rolls": 1,
      "entries": [
        {
          "type": "minecraft:loot_table",
          "name": "essences:item/relic/ascendance",
          "conditions": [
            {
              "condition": "minecraft:random_chance",
              "chance": 0.1
            }
          ]
        }
      ]
    },
    {
      "rolls": {
        "min": 20,
        "max": 40
      },
      "entries": [
        {
          "type": "minecraft:loot_table",
          "name": "essences:item/common/generichostile",
          "conditions": [
            {
              "condition": "minecraft:random_chance",
              "chance": 1
            }
          ]
        }
      ]
    },
    {
      "rolls": {
        "min": 20,
        "max": 40
      },
      "entries": [
        {
          "type": "minecraft:loot_table",
          "name": "essences:item/common/genericprotector",
          "conditions": [
            {
              "condition": "minecraft:random_chance",
              "chance": 1
            }
          ]
        }
      ]
    },
    {
      "rolls": {
        "min": 20,
        "max": 40
      },
      "entries": [
        {
          "type": "minecraft:loot_table",
          "name": "essences:item/common/genericfarm",
          "conditions": [
            {
              "condition": "minecraft:random_chance",
              "chance": 1
            }
          ]
        }
      ]
    }
  ]
}