{
  "type": "minecraft:entity",
  "pools": [
    {
      "rolls": 1,
      "bonus_rolls": 2,
      "entries": [
        {
          "type": "minecraft:item",
          "name": "minecraft:tipped_arrow",
          "functions": [
            {
              "function": "minecraft:set_potion",
              "id": "minecraft:strong_harming"
            },
            {
              "function": "minecraft:set_count",
              "count": {
                "min": 8,
                "max": 16
              }
            },
            {
              "function": "minecraft:looting_enchant",
              "count": {
                "min": 0,
                "max": 16
              }
            }
          ]
        }
      ]
    },
    {
      "rolls": 1,
      "entries": [
        {
          "type": "minecraft:item",
          "weight": 1,
          "name": "minecraft:tipped_arrow",
          "functions": [
            {
              "function": "minecraft:set_potion",
              "id": "minecraft:strong_slowness"
            },
            {
              "function": "minecraft:set_count",
              "count": {
                "min": 8,
                "max": 16
              },
              "add": true
            },
            {
              "function": "minecraft:looting_enchant",
              "count": {
                "min": 0,
                "max": 8
              }
            }
          ]
        },
        {
          "type": "minecraft:item",
          "weight": 1,
          "name": "minecraft:tipped_arrow",
          "functions": [
            {
              "function": "minecraft:set_potion",
              "id": "minecraft:strong_poison"
            },
            {
              "function": "minecraft:set_count",
              "count": {
                "min": 8,
                "max": 16
              },
              "add": true
            },
            {
              "function": "minecraft:looting_enchant",
              "count": {
                "min": 0,
                "max": 8
              }
            }
          ]
        },
        {
          "type": "minecraft:item",
          "weight": 1,
          "name": "minecraft:tipped_arrow",
          "functions": [
            {
              "function": "minecraft:set_potion",
              "id": "minecraft:long_weakness"
            },
            {
              "function": "minecraft:set_count",
              "count": {
                "min": 8,
                "max": 16
              },
              "add": true
            },
            {
              "function": "minecraft:looting_enchant",
              "count": {
                "min": 0,
                "max": 8
              }
            }
          ]
        }
      ]
    },
    {
      "rolls": 1,
      "entries": [
        {
          "type": "minecraft:item",
          "name": "minecraft:dragon_breath",
          "functions": [
            {
              "function": "minecraft:set_count",
              "count": {
                "min": 8,
                "max": 16
              },
              "add": true
            },
            {
              "function": "minecraft:looting_enchant",
              "count": {
                "min": 0,
                "max": 16
              }
            }
          ]
        }
      ]
    },
    {
      "rolls": 1,
      "entries": [
        {
          "type": "minecraft:item",
          "name": "minecraft:totem_of_undying"
        }
      ]
    }
  ],
  "random_sequence": "minecraft:entities/illusioner"
}
