{
    "type": "minecraft:command",
    "pools": [
        {
            "rolls": 1,
            "bonus_rolls": 0,
            "entries": [
                {
                    "type": "minecraft:item",
                    "name": "minecraft:map",
                    "functions": [
                        {
                            "function": "minecraft:exploration_map",
                            "destination": "essences:fortress_map_point",
                            "decoration": "target_x",
                            "zoom": 1,
                            "skip_existing_chunks": false
                        },
                        {
                            "function": "minecraft:set_name",
                            "entity": "this",
                            "name": {
                                "color": "red",
                                "bold": true,
                                "translate": "item.essrpg.relic.roguelite.fortress_map"
                            }
                        },
                        {
                            "function": "minecraft:set_lore",
                            "lore": [
                                {
                                    "translate": "item.essrpg.relic.roguelite.fortress_map.lore.0"
                                },
                                {
                                    "translate": "item.essrpg.relic.roguelite.fortress_map.lore.1"
                                },
                                {
                                    "translate": "item.essrpg.relic.roguelite.fortress_map.lore.2"
                                },
                                {
                                    "translate": "item.essrpg.relic.roguelite.fortress_map.lore.3"
                                },
                                {
                                    "color": "dark_gray",
                                    "italic": false,
                                    "translate": "item.essrpg.relic.roguelite.fortress_map.lore.4"
                                },
                                [{
                                  "text": "c ",
                                  "color": "white",
                                  "italic": false,
                                  "font": "erpg:sigicon"
                                },
                                {
                                  "translate": "item.essrpg.packsig",
                                  "color": "gold",
                                  "font": "minecraft:default",
                                  "italic": true
                                }]
                            ],
                            "entity": "this"
                        },
                        {
                            "function": "minecraft:set_nbt",
                            "tag": "{esitem:fortress_map,esitemgroup:relicutil}"
                        }
                    ]
                }
            ]
        }
    ]
}