{
  "parent": "minecraft:recipes/root",
  "criteria": {
    "has_item_1": {
      "conditions": {
        "items": [
          {
            "items": [
              "minecraft:granite"
            ]
          }
        ]
      },
      "trigger": "minecraft:inventory_changed"
    },
    "has_item_2": {
      "conditions": {
        "items": [
          {
            "items": [
              "minecraft:bone"
            ]
          }
        ]
      },
      "trigger": "minecraft:inventory_changed"
    },
    "has_the_recipe": {
      "conditions": {
        "recipe": "minecraft:chiseled_polished_blackstone_from_polished_blackstone_stonecutting"
      },
      "trigger": "minecraft:recipe_unlocked"
    }
  },
  "requirements": [
    [
      "has_item_1",
      "has_item_2",
      "has_the_recipe"
    ]
  ],
  "rewards": {
    "recipes": [
      "minecraft:chiseled_polished_blackstone_from_polished_blackstone_stonecutting"
    ]
  }
}