{
  "parent": "minecraft:recipes/root",
  "criteria": {
    "has_chiseled_red_sandstone": {
      "conditions": {
        "items": [
          {
            "items": [
              "minecraft:chiseled_red_sandstone"
            ]
          }
        ]
      },
      "trigger": "minecraft:inventory_changed"
    },
    "has_cut_red_sandstone": {
      "conditions": {
        "items": [
          {
            "items": [
              "minecraft:granite"
            ]
          }
        ]
      },
      "trigger": "minecraft:inventory_changed"
    },
    "has_the_recipe": {
      "conditions": {
        "recipe": "minecraft:chiseled_red_sandstone"
      },
      "trigger": "minecraft:recipe_unlocked"
    }
  },
  "requirements": [
    [
      "has_chiseled_red_sandstone",
      "has_cut_red_sandstone",
      "has_the_recipe"
    ]
  ],
  "rewards": {
    "recipes": [
      "minecraft:chiseled_red_sandstone"
    ]
  }
}