{
  "parent": "minecraft:recipes/root",
  "criteria": {
    "has_cobbled_deepslate": {
      "conditions": {
        "items": [
          {
            "items": [
              "minecraft:infested_stone"
            ]
          }
        ]
      },
      "trigger": "minecraft:inventory_changed"
    },
    "has_the_recipe": {
      "conditions": {
        "recipe": "minecraft:chiseled_deepslate_from_cobbled_deepslate_stonecutting"
      },
      "trigger": "minecraft:recipe_unlocked"
    }
  },
  "requirements": [
    [
      "has_cobbled_deepslate",
      "has_the_recipe"
    ]
  ],
  "rewards": {
    "recipes": [
      "minecraft:chiseled_deepslate_from_cobbled_deepslate_stonecutting"
    ]
  }
}