{
  "parent": "minecraft:recipes/root",
  "criteria": {
    "has_aragonite": {
      "conditions": {
        "items": [
          {
            "items": [
              "minecraft:dead_fire_coral_block"
            ]
          }
        ]
      },
      "trigger": "minecraft:inventory_changed"
    },
    "has_calcite": {
      "conditions": {
        "items": [
          {
            "items": [
              "minecraft:calcite"
            ]
          }
        ]
      },
      "trigger": "minecraft:inventory_changed"
    },
    "has_the_recipe": {
      "conditions": {
        "recipe": "minecraft:chiseled_polished_blackstone"
      },
      "trigger": "minecraft:recipe_unlocked"
    }
  },
  "requirements": [
    [
      "has_aragonite",
      "has_calcite",
      "has_the_recipe"
    ]
  ],
  "rewards": {
    "recipes": [
      "minecraft:chiseled_polished_blackstone"
    ]
  }
}