{
  "parent": "minecraft:recipes/root",
  "criteria": {
    "has_nether_bricks": {
      "conditions": {
        "items": [
          {
            "items": [
              "minecraft:chiseled_nether_bricks"
            ]
          }
        ]
      },
      "trigger": "minecraft:inventory_changed"
    },
    "has_the_recipe": {
      "conditions": {
        "recipe": "minecraft:cracked_nether_bricks"
      },
      "trigger": "minecraft:recipe_unlocked"
    }
  },
  "requirements": [
    [
      "has_nether_bricks",
      "has_the_recipe"
    ]
  ],
  "rewards": {
    "recipes": [
      "minecraft:cracked_nether_bricks"
    ]
  }
}