{
  "parent": "minecraft:recipes/root",
  "criteria": {
    "has_item_1": {
      "conditions": {
        "items": [
          {
            "items": [
              "minecraft:infested_stone"
            ]
          }
        ]
      },
      "trigger": "minecraft:inventory_changed"
    },
    "has_item_2": {
      "conditions": {
        "items": [
          {
            "items": [
              "minecraft:infested_cobblestone"
            ]
          }
        ]
      },
      "trigger": "minecraft:inventory_changed"
    },
    "has_the_recipe": {
      "conditions": {
        "recipe": "minecraft:polished_hivestone_from_hivestone_stonecutting"
      },
      "trigger": "minecraft:recipe_unlocked"
    }
  },
  "requirements": [
    [
      "has_item_1",
      "has_item_2",
      "has_the_recipe"
    ]
  ],
  "rewards": {
    "recipes": [
      "minecraft:polished_hivestone_from_hivestone_stonecutting"
    ]
  }
}