{
  "parent": "minecraft:recipes/root",
  "criteria": {
    "has_quartz_block": {
      "conditions": {
        "items": [
          {
            "items": [
              "minecraft:quartz_block"
            ]
          }
        ]
      },
      "trigger": "minecraft:inventory_changed"
    },
    "has_quartz_pillar": {
      "conditions": {
        "items": [
          {
            "items": [
              "minecraft:quartz_pillar"
            ]
          }
        ]
      },
      "trigger": "minecraft:inventory_changed"
    },
    "has_the_recipe": {
      "conditions": {
        "recipe": "minecraft:quartz_pillar"
      },
      "trigger": "minecraft:recipe_unlocked"
    }
  },
  "requirements": [
    [
      "has_quartz_block",
      "has_quartz_pillar",
      "has_the_recipe"
    ]
  ],
  "rewards": {
    "recipes": [
      "minecraft:quartz_pillar"
    ]
  }
}