{
    "parent": "essences:upgraded_diamond/parent",
    "criteria": {
      "requirement": {
        "trigger": "minecraft:recipe_crafted",
        "conditions": {
          "recipe_id": "minecraft:netherite_shovel_smithing",
          "ingredients": [
            {
              "items": [
                "minecraft:diamond_shovel"
              ],
              "nbt": "{es.tier_upgraded:0b}"
            }
          ]
        }
      }
    },
    "rewards": {
      "function": "essences:augmenttable/upgraded_diamond/init_checks"
    }
  }
  