{
  "amb1": {
    "sounds": [
      "ddo:keeper/ambient1"]
    },
    "amb2": {
      "sounds": [
        "ddo:keeper/ambient2"]
      },
      "amb3": {
        "sounds": [
          "ddo:keeper/ambient3"]
        },
        "amb4": {
          "sounds": [
            "ddo:keeper/ambient4"]
          },
          "amb5": {
            "sounds": [
              "ddo:keeper/ambient5"]
            },
            "amb6": {
              "sounds": [
                "ddo:keeper/ambient6"]
              },
              "angry1": {
                "sounds": [
                  "ddo:keeper/angry1"]
                },
                "angry2": {
                  "sounds": [
                    "ddo:keeper/angry2"]
                  },
                  "death": {
                    "sounds": [
                      "ddo:keeper/death"]
                    },
                    "emerge": {
                      "sounds": [
                        "ddo:keeper/emerge"]
                      },
                      "footstep": {
                        "sounds": [
                          "ddo:keeper/footstep"]
                        },
                        "heartbeat": {
                          "sounds": [
                            "ddo:keeper/heartbeat"]
                          },
                          "hurt": {
                            "sounds": [
                              "ddo:keeper/hurt"]
                            },
                            "roar": {
                              "sounds": [
                                "ddo:keeper/roar"]
                              },
                              "scan": {
                                "sounds": [
                                  "ddo:watcher/scan"]
                                },
                                "devourerattack": {
                                  "sounds": [
                                    "ddo:devourer/attack"]
                                  },
                                  "devourerdeath": {
                                    "sounds": [
                                      "ddo:devourer/death"]
                                    }
}