[
    {
        "function": "minecraft:set_attributes",
        "modifiers": [
            {
                "attribute": "minecraft:generic.armor",
                "name": "es.reflexslot",
                "amount": -0.25,
                "operation": "multiply_total",
                "slot": "mainhand"
            },
            {
                "attribute": "minecraft:generic.max_health",
                "name": "es.reflexslot",
                "amount": 5,
                "operation": "addition",
                "slot": "mainhand"
            }
        ]
    },
    {
        "function": "minecraft:set_lore",
        "entity": "this",
        "lore": [
            {
                "color": "gray",
                "italic": true,
                "translate": "item_mod.essrpg.fight.fmaxwlarmor.2.lore.0"
            },
            {
                "color": "red",
                "italic": true,
                "translate": "item_mod.essrpg.fight.fmaxwlarmor.2.lore.1"
            },
            {
                "color": "red",
                "italic": true,
                "translate": "item_mod.essrpg.fight.fmaxwlarmor.2.lore.2"
            },
            {
                "color": "red",
                "italic": true,
                "translate": "item_mod.essrpg.fight.fmaxwlarmor.2.lore.3"
            },
            {
                "color": "red",
                "italic": true,
                "translate": "item_mod.essrpg.fight.fmaxwlarmor.2.lore.4"
            }
        ]
    }
]