{
    "comment": "Heirloom sword",
    "pools": [
        {
            "rolls": 1,
            "entries": [
                {
                    "type": "minecraft:item",
                    "name": "minecraft:carrot_on_a_stick",
                    "functions": [
                        {
                            "function": "minecraft:set_attributes",
                            "modifiers": [
                                {
                                    "attribute": "minecraft:generic.attack_speed",
                                    "name": "generic.attack_speed",
                                    "amount": -2.6,
                                    "operation": "addition",
                                    "slot": "mainhand"
                                },
                                {
                                    "attribute": "minecraft:generic.armor",
                                    "name": "generic.armor",
                                    "amount": 2,
                                    "operation": "addition",
                                    "slot": "mainhand"
                                },
                                {
                                    "attribute": "minecraft:generic.attack_damage",
                                    "name": "generic.attack_damage",
                                    "amount": 5,
                                    "operation": "addition",
                                    "slot": "mainhand"
                                }
                            ]
                        },
                        {
                            "function": "minecraft:set_name",
                            "entity": "this",
                            "name": {
                                "color": "white",
                                "bold": false,
                                "italic": false,
                                "translate": "item.essrpg.heirloom.ceremony"
                            }
                        },
                        {
                            "function": "minecraft:set_nbt",
                            "tag": "{esitem:ceremony,esitemgroup:heirloomwep,es.augslots:0,es.customauggable:true,CustomModelData:410041,Unbreakable:1b,es.ha.melee:1b}"
                        },
                        {
                            "function": "minecraft:set_lore",
                            "entity": "this",
                            "lore": [
                                {
                                    "translate": "item.essrpg.heirloom.ceremony.lore.0"
                                },
                                {
                                    "translate": "item.essrpg.heirloom.ceremony.lore.1"
                                },
                                {
                                    "translate": "item.essrpg.heirloom.ceremony.lore.2"
                                },
                                {
                                    "translate": "item.essrpg.heirloom.ceremony.lore.3"
                                },
                                {
                                    "translate": "item.essrpg.heirloom.ceremony.lore.4"
                                },
                                {
                                    "translate": "item.essrpg.heirloom.ceremony.lore.5"
                                },
                                [{
                                  "text": "c ",
                                  "color": "white",
                                  "italic": false,
                                  "font": "erpg:sigicon"
                                },
                                {
                                  "translate": "item.essrpg.packsig",
                                  "color": "gold",
                                  "font": "minecraft:default",
                                  "italic": true
                                }]
                            ]
                        }
                    ]
                }
            ]
        }
    ]
}