{
	"credit": "Made with Blockbench",
	"texture_size": [64, 64],
	"textures": {
		"0": "ddo:item/blocks/spawner/spawnertxt"
	},
	"elements": [
		{
			"from": [2, 0, 3],
			"to": [13, 11, 14],
			"rotation": {"angle": 0, "axis": "y", "origin": [2, 0, 3]},
			"faces": {
				"north": {"uv": [2.75, 0, 5.5, 2.75], "texture": "#0"},
				"east": {"uv": [0, 0, 2.75, 2.75], "texture": "#0"},
				"south": {"uv": [2.75, 0, 5.5, 2.75], "texture": "#0"},
				"west": {"uv": [0, 0, 2.75, 2.75], "texture": "#0"},
				"up": {"uv": [2.75, 8.25, 0, 5.5], "texture": "#0"},
				"down": {"uv": [8.25, 0, 5.5, 2.75], "texture": "#0"}
			}
		},
		{
			"from": [1.99253, 0, 2.98696],
			"to": [7.96753, 10.9, 2.98696],
			"rotation": {"angle": 0, "axis": "y", "origin": [1.99199, 5.45, 2.98696]},
			"faces": {
				"north": {"uv": [2.75, 5.5, 4.25, 8.25], "texture": "#0"},
				"east": {"uv": [0, 0, 0, 2.75], "texture": "#0"},
				"south": {"uv": [5.5, 2.75, 7, 5.5], "texture": "#0"},
				"west": {"uv": [0, 0, 0, 2.75], "texture": "#0"},
				"up": {"uv": [1.5, 0, 0, 0], "texture": "#0"},
				"down": {"uv": [1.5, 0, 0, 0], "texture": "#0"}
			}
		},
		{
			"from": [7.04076, 0, 3.01196],
			"to": [13.01576, 10.9, 3.01196],
			"rotation": {"angle": 0, "axis": "y", "origin": [12.98095, 5.45, 3.01196]},
			"faces": {
				"north": {"uv": [4.25, 5.5, 5.75, 8.25], "texture": "#0"},
				"east": {"uv": [0, 0, 0, 2.75], "texture": "#0"},
				"south": {"uv": [5.75, 5.5, 7.25, 8.25], "texture": "#0"},
				"west": {"uv": [0, 0, 0, 2.75], "texture": "#0"},
				"up": {"uv": [1.5, 0, 0, 0], "texture": "#0"},
				"down": {"uv": [1.5, 0, 0, 0], "texture": "#0"}
			}
		},
		{
			"from": [7.04076, 0, 13.98804],
			"to": [13.01576, 10.9, 13.98804],
			"rotation": {"angle": 0, "axis": "y", "origin": [12.98095, 5.45, 13.98804]},
			"faces": {
				"north": {"uv": [0, 8.25, 1.5, 11], "texture": "#0"},
				"east": {"uv": [0, 0, 0, 2.75], "texture": "#0"},
				"south": {"uv": [8.25, 0, 9.75, 2.75], "texture": "#0"},
				"west": {"uv": [0, 0, 0, 2.75], "texture": "#0"},
				"up": {"uv": [1.5, 0, 0, 0], "texture": "#0"},
				"down": {"uv": [1.5, 0, 0, 0], "texture": "#0"}
			}
		},
		{
			"from": [1.99253, 0, 14.01304],
			"to": [7.96753, 10.9, 14.01304],
			"rotation": {"angle": 0, "axis": "y", "origin": [1.99199, 5.45, 14.01304]},
			"faces": {
				"north": {"uv": [7, 2.75, 8.5, 5.5], "texture": "#0"},
				"east": {"uv": [0, 0, 0, 2.75], "texture": "#0"},
				"south": {"uv": [7.25, 5.5, 8.75, 8.25], "texture": "#0"},
				"west": {"uv": [0, 0, 0, 2.75], "texture": "#0"},
				"up": {"uv": [1.5, 0, 0, 0], "texture": "#0"},
				"down": {"uv": [1.5, 0, 0, 0], "texture": "#0"}
			}
		},
		{
			"from": [7.51699, 4.05, 10.71304],
			"to": [7.51699, 6.95, 11.71304],
			"rotation": {"angle": 0, "axis": "y", "origin": [1.99199, 5.45, 29.01304]},
			"faces": {
				"north": {"uv": [0.4375, 9.5, 0.4375, 10], "texture": "#0"},
				"east": {"uv": [2.75, 6.4375, 3.1125, 7.3125], "texture": "#0"},
				"south": {"uv": [0.4375, 9.5, 0.4375, 10], "texture": "#0"},
				"west": {"uv": [0.4375, 9.5, 0.6125, 10], "texture": "#0"},
				"up": {"uv": [0.4375, 9.5, 0.4375, 9.675], "texture": "#0"},
				"down": {"uv": [0.4375, 9.5, 0.4375, 9.675], "texture": "#0"}
			}
		},
		{
			"from": [7.51699, 4.05, 5.28696],
			"to": [7.51699, 6.95, 6.28696],
			"rotation": {"angle": 0, "axis": "y", "origin": [1.99199, 5.45, -23.01304]},
			"faces": {
				"north": {"uv": [0.4375, 9.5, 0.4375, 10], "texture": "#0"},
				"east": {"uv": [3.1125, 6.4375, 2.75, 7.3125], "texture": "#0"},
				"south": {"uv": [0.4375, 9.5, 0.4375, 10], "texture": "#0"},
				"west": {"uv": [0.6125, 9.5, 0.4375, 10], "texture": "#0"},
				"up": {"uv": [0.4375, 9.675, 0.4375, 9.5], "texture": "#0"},
				"down": {"uv": [0.4375, 9.675, 0.4375, 9.5], "texture": "#0"}
			}
		},
		{
			"from": [13.025, 9.125, 2.775],
			"to": [13.225, 11.225, 5.075],
			"rotation": {"angle": 0, "axis": "y", "origin": [2, 0, 3]},
			"faces": {
				"north": {"uv": [12, 3, 12.0625, 3.5], "texture": "#0"},
				"east": {"uv": [9.75, 1, 10.3125, 1.5], "texture": "#0"},
				"south": {"uv": [12, 3.5, 12.0625, 4], "texture": "#0"},
				"west": {"uv": [9.75, 1.5, 10.3125, 2], "texture": "#0"},
				"up": {"uv": [1.0625, 12.3125, 1, 11.75], "texture": "#0"},
				"down": {"uv": [1.3125, 11.75, 1.25, 12.3125], "texture": "#0"}
			}
		},
		{
			"from": [10.725, 11.025, 2.975],
			"to": [13.025, 11.225, 5.075],
			"rotation": {"angle": 0, "axis": "y", "origin": [2, 0, 3]},
			"faces": {
				"north": {"uv": [12, 1.5, 12.5625, 1.5625], "texture": "#0"},
				"east": {"uv": [11.5, 12, 12, 12.0625], "texture": "#0"},
				"south": {"uv": [12, 1.75, 12.5625, 1.8125], "texture": "#0"},
				"west": {"uv": [12, 12, 12.5, 12.0625], "texture": "#0"},
				"up": {"uv": [7.5625, 10.75, 7, 10.25], "texture": "#0"},
				"down": {"uv": [8.3125, 10.25, 7.75, 10.75], "texture": "#0"}
			}
		},
		{
			"from": [10.725, 9.125, 2.775],
			"to": [13.025, 11.225, 2.975],
			"rotation": {"angle": 0, "axis": "y", "origin": [2, 0, 3]},
			"faces": {
				"north": {"uv": [9.75, 6.75, 10.3125, 7.25], "texture": "#0"},
				"east": {"uv": [6.25, 12, 6.3125, 12.5], "texture": "#0"},
				"south": {"uv": [7, 9.75, 7.5625, 10.25], "texture": "#0"},
				"west": {"uv": [6.5, 12, 6.5625, 12.5], "texture": "#0"},
				"up": {"uv": [12.3125, 6.3125, 11.75, 6.25], "texture": "#0"},
				"down": {"uv": [12.3125, 6.5, 11.75, 6.5625], "texture": "#0"}
			}
		},
		{
			"from": [1.975, 11.025, 2.975],
			"to": [4.275, 11.225, 5.075],
			"rotation": {"angle": 0, "axis": "y", "origin": [13, 0, 3]},
			"faces": {
				"north": {"uv": [12.5625, 1.5, 12, 1.5625], "texture": "#0"},
				"east": {"uv": [12.5, 12, 12, 12.0625], "texture": "#0"},
				"south": {"uv": [12.5625, 1.75, 12, 1.8125], "texture": "#0"},
				"west": {"uv": [12, 12, 11.5, 12.0625], "texture": "#0"},
				"up": {"uv": [7, 10.75, 7.5625, 10.25], "texture": "#0"},
				"down": {"uv": [7.75, 10.25, 8.3125, 10.75], "texture": "#0"}
			}
		},
		{
			"from": [1.975, 9.125, 2.775],
			"to": [4.275, 11.225, 2.975],
			"rotation": {"angle": 0, "axis": "y", "origin": [13, 0, 3]},
			"faces": {
				"north": {"uv": [10.3125, 6.75, 9.75, 7.25], "texture": "#0"},
				"east": {"uv": [6.5625, 12, 6.5, 12.5], "texture": "#0"},
				"south": {"uv": [7.5625, 9.75, 7, 10.25], "texture": "#0"},
				"west": {"uv": [6.3125, 12, 6.25, 12.5], "texture": "#0"},
				"up": {"uv": [11.75, 6.3125, 12.3125, 6.25], "texture": "#0"},
				"down": {"uv": [11.75, 6.5, 12.3125, 6.5625], "texture": "#0"}
			}
		},
		{
			"from": [1.775, 9.125, 2.775],
			"to": [1.975, 11.225, 5.075],
			"rotation": {"angle": 0, "axis": "y", "origin": [13, 0, 3]},
			"faces": {
				"north": {"uv": [12.0625, 3, 12, 3.5], "texture": "#0"},
				"east": {"uv": [10.3125, 1.5, 9.75, 2], "texture": "#0"},
				"south": {"uv": [12.0625, 3.5, 12, 4], "texture": "#0"},
				"west": {"uv": [10.3125, 1, 9.75, 1.5], "texture": "#0"},
				"up": {"uv": [1, 12.3125, 1.0625, 11.75], "texture": "#0"},
				"down": {"uv": [1.25, 11.75, 1.3125, 12.3125], "texture": "#0"}
			}
		},
		{
			"from": [13.025, 9.125, 11.925],
			"to": [13.225, 11.225, 14.225],
			"rotation": {"angle": 0, "axis": "y", "origin": [2, 0, 14]},
			"faces": {
				"north": {"uv": [12.0625, 3.5, 12, 4], "texture": "#0"},
				"east": {"uv": [10.3125, 1, 9.75, 1.5], "texture": "#0"},
				"south": {"uv": [12.0625, 3, 12, 3.5], "texture": "#0"},
				"west": {"uv": [10.3125, 1.5, 9.75, 2], "texture": "#0"},
				"up": {"uv": [1.0625, 11.75, 1, 12.3125], "texture": "#0"},
				"down": {"uv": [1.3125, 12.3125, 1.25, 11.75], "texture": "#0"}
			}
		},
		{
			"from": [10.725, 9.125, 14.025],
			"to": [13.025, 11.225, 14.225],
			"rotation": {"angle": 0, "axis": "y", "origin": [2, 0, 14]},
			"faces": {
				"north": {"uv": [7.5625, 9.75, 7, 10.25], "texture": "#0"},
				"east": {"uv": [6.3125, 12, 6.25, 12.5], "texture": "#0"},
				"south": {"uv": [10.3125, 6.75, 9.75, 7.25], "texture": "#0"},
				"west": {"uv": [6.5625, 12, 6.5, 12.5], "texture": "#0"},
				"up": {"uv": [12.3125, 6.25, 11.75, 6.3125], "texture": "#0"},
				"down": {"uv": [12.3125, 6.5625, 11.75, 6.5], "texture": "#0"}
			}
		},
		{
			"from": [10.725, 11.025, 11.925],
			"to": [13.025, 11.225, 14.025],
			"rotation": {"angle": 0, "axis": "y", "origin": [2, 0, 14]},
			"faces": {
				"north": {"uv": [12.5625, 1.75, 12, 1.8125], "texture": "#0"},
				"east": {"uv": [12, 12, 11.5, 12.0625], "texture": "#0"},
				"south": {"uv": [12.5625, 1.5, 12, 1.5625], "texture": "#0"},
				"west": {"uv": [12.5, 12, 12, 12.0625], "texture": "#0"},
				"up": {"uv": [7.5625, 10.25, 7, 10.75], "texture": "#0"},
				"down": {"uv": [8.3125, 10.75, 7.75, 10.25], "texture": "#0"}
			}
		},
		{
			"from": [1.775, 9.125, 11.925],
			"to": [1.975, 11.225, 14.225],
			"rotation": {"angle": 0, "axis": "y", "origin": [13, 0, 14]},
			"faces": {
				"north": {"uv": [12, 3.5, 12.0625, 4], "texture": "#0"},
				"east": {"uv": [9.75, 1.5, 10.3125, 2], "texture": "#0"},
				"south": {"uv": [12, 3, 12.0625, 3.5], "texture": "#0"},
				"west": {"uv": [9.75, 1, 10.3125, 1.5], "texture": "#0"},
				"up": {"uv": [1, 11.75, 1.0625, 12.3125], "texture": "#0"},
				"down": {"uv": [1.25, 12.3125, 1.3125, 11.75], "texture": "#0"}
			}
		},
		{
			"from": [1.975, 9.125, 14.025],
			"to": [4.275, 11.225, 14.225],
			"rotation": {"angle": 0, "axis": "y", "origin": [13, 0, 14]},
			"faces": {
				"north": {"uv": [7, 9.75, 7.5625, 10.25], "texture": "#0"},
				"east": {"uv": [6.5, 12, 6.5625, 12.5], "texture": "#0"},
				"south": {"uv": [9.75, 6.75, 10.3125, 7.25], "texture": "#0"},
				"west": {"uv": [6.25, 12, 6.3125, 12.5], "texture": "#0"},
				"up": {"uv": [11.75, 6.25, 12.3125, 6.3125], "texture": "#0"},
				"down": {"uv": [11.75, 6.5625, 12.3125, 6.5], "texture": "#0"}
			}
		},
		{
			"from": [1.975, 11.025, 11.925],
			"to": [4.275, 11.225, 14.025],
			"rotation": {"angle": 0, "axis": "y", "origin": [13, 0, 14]},
			"faces": {
				"north": {"uv": [12, 1.75, 12.5625, 1.8125], "texture": "#0"},
				"east": {"uv": [12, 12, 12.5, 12.0625], "texture": "#0"},
				"south": {"uv": [12, 1.5, 12.5625, 1.5625], "texture": "#0"},
				"west": {"uv": [11.5, 12, 12, 12.0625], "texture": "#0"},
				"up": {"uv": [7, 10.25, 7.5625, 10.75], "texture": "#0"},
				"down": {"uv": [7.75, 10.75, 8.3125, 10.25], "texture": "#0"}
			}
		},
		{
			"from": [13.025, -0.225, 2.775],
			"to": [13.225, 1.875, 5.075],
			"rotation": {"angle": 0, "axis": "y", "origin": [2, 11.1, 3]},
			"faces": {
				"north": {"uv": [12, 3.5, 12.0625, 3], "texture": "#0"},
				"east": {"uv": [9.75, 1.5, 10.3125, 1], "texture": "#0"},
				"south": {"uv": [12, 4, 12.0625, 3.5], "texture": "#0"},
				"west": {"uv": [9.75, 2, 10.3125, 1.5], "texture": "#0"},
				"up": {"uv": [1.3125, 12.3125, 1.25, 11.75], "texture": "#0"},
				"down": {"uv": [1.0625, 11.75, 1, 12.3125], "texture": "#0"}
			}
		},
		{
			"from": [10.725, -0.225, 2.775],
			"to": [13.025, 1.875, 2.975],
			"rotation": {"angle": 0, "axis": "y", "origin": [2, 11.1, 3]},
			"faces": {
				"north": {"uv": [9.75, 7.25, 10.3125, 6.75], "texture": "#0"},
				"east": {"uv": [6.25, 12.5, 6.3125, 12], "texture": "#0"},
				"south": {"uv": [7, 10.25, 7.5625, 9.75], "texture": "#0"},
				"west": {"uv": [6.5, 12.5, 6.5625, 12], "texture": "#0"},
				"up": {"uv": [12.3125, 6.5625, 11.75, 6.5], "texture": "#0"},
				"down": {"uv": [12.3125, 6.25, 11.75, 6.3125], "texture": "#0"}
			}
		},
		{
			"from": [10.725, -0.225, 2.975],
			"to": [13.025, -0.025, 5.075],
			"rotation": {"angle": 0, "axis": "y", "origin": [2, 11.1, 3]},
			"faces": {
				"north": {"uv": [12, 1.5625, 12.5625, 1.5], "texture": "#0"},
				"east": {"uv": [11.5, 12.0625, 12, 12], "texture": "#0"},
				"south": {"uv": [12, 1.8125, 12.5625, 1.75], "texture": "#0"},
				"west": {"uv": [12, 12.0625, 12.5, 12], "texture": "#0"},
				"up": {"uv": [8.3125, 10.75, 7.75, 10.25], "texture": "#0"},
				"down": {"uv": [7.5625, 10.25, 7, 10.75], "texture": "#0"}
			}
		},
		{
			"from": [1.775, -0.225, 2.775],
			"to": [1.975, 1.875, 5.075],
			"rotation": {"angle": 0, "axis": "y", "origin": [13, 11.1, 3]},
			"faces": {
				"north": {"uv": [12.0625, 3.5, 12, 3], "texture": "#0"},
				"east": {"uv": [10.3125, 2, 9.75, 1.5], "texture": "#0"},
				"south": {"uv": [12.0625, 4, 12, 3.5], "texture": "#0"},
				"west": {"uv": [10.3125, 1.5, 9.75, 1], "texture": "#0"},
				"up": {"uv": [1.25, 12.3125, 1.3125, 11.75], "texture": "#0"},
				"down": {"uv": [1, 11.75, 1.0625, 12.3125], "texture": "#0"}
			}
		},
		{
			"from": [1.975, -0.225, 2.775],
			"to": [4.275, 1.875, 2.975],
			"rotation": {"angle": 0, "axis": "y", "origin": [13, 11.1, 3]},
			"faces": {
				"north": {"uv": [10.3125, 7.25, 9.75, 6.75], "texture": "#0"},
				"east": {"uv": [6.5625, 12.5, 6.5, 12], "texture": "#0"},
				"south": {"uv": [7.5625, 10.25, 7, 9.75], "texture": "#0"},
				"west": {"uv": [6.3125, 12.5, 6.25, 12], "texture": "#0"},
				"up": {"uv": [11.75, 6.5625, 12.3125, 6.5], "texture": "#0"},
				"down": {"uv": [11.75, 6.25, 12.3125, 6.3125], "texture": "#0"}
			}
		},
		{
			"from": [1.975, -0.225, 2.975],
			"to": [4.275, -0.025, 5.075],
			"rotation": {"angle": 0, "axis": "y", "origin": [13, 11.1, 3]},
			"faces": {
				"north": {"uv": [12.5625, 1.5625, 12, 1.5], "texture": "#0"},
				"east": {"uv": [12.5, 12.0625, 12, 12], "texture": "#0"},
				"south": {"uv": [12.5625, 1.8125, 12, 1.75], "texture": "#0"},
				"west": {"uv": [12, 12.0625, 11.5, 12], "texture": "#0"},
				"up": {"uv": [7.75, 10.75, 8.3125, 10.25], "texture": "#0"},
				"down": {"uv": [7, 10.25, 7.5625, 10.75], "texture": "#0"}
			}
		},
		{
			"from": [1.975, -0.225, 11.925],
			"to": [4.275, -0.025, 14.025],
			"rotation": {"angle": 0, "axis": "y", "origin": [13, 11.1, 14]},
			"faces": {
				"north": {"uv": [12, 1.8125, 12.5625, 1.75], "texture": "#0"},
				"east": {"uv": [12, 12.0625, 12.5, 12], "texture": "#0"},
				"south": {"uv": [12, 1.5625, 12.5625, 1.5], "texture": "#0"},
				"west": {"uv": [11.5, 12.0625, 12, 12], "texture": "#0"},
				"up": {"uv": [7.75, 10.25, 8.3125, 10.75], "texture": "#0"},
				"down": {"uv": [7, 10.75, 7.5625, 10.25], "texture": "#0"}
			}
		},
		{
			"from": [1.975, -0.225, 14.025],
			"to": [4.275, 1.875, 14.225],
			"rotation": {"angle": 0, "axis": "y", "origin": [13, 11.1, 14]},
			"faces": {
				"north": {"uv": [7, 10.25, 7.5625, 9.75], "texture": "#0"},
				"east": {"uv": [6.5, 12.5, 6.5625, 12], "texture": "#0"},
				"south": {"uv": [9.75, 7.25, 10.3125, 6.75], "texture": "#0"},
				"west": {"uv": [6.25, 12.5, 6.3125, 12], "texture": "#0"},
				"up": {"uv": [11.75, 6.5, 12.3125, 6.5625], "texture": "#0"},
				"down": {"uv": [11.75, 6.3125, 12.3125, 6.25], "texture": "#0"}
			}
		},
		{
			"from": [1.775, -0.225, 11.925],
			"to": [1.975, 1.875, 14.225],
			"rotation": {"angle": 0, "axis": "y", "origin": [13, 11.1, 14]},
			"faces": {
				"north": {"uv": [12, 4, 12.0625, 3.5], "texture": "#0"},
				"east": {"uv": [9.75, 2, 10.3125, 1.5], "texture": "#0"},
				"south": {"uv": [12, 3.5, 12.0625, 3], "texture": "#0"},
				"west": {"uv": [9.75, 1.5, 10.3125, 1], "texture": "#0"},
				"up": {"uv": [1.25, 11.75, 1.3125, 12.3125], "texture": "#0"},
				"down": {"uv": [1, 12.3125, 1.0625, 11.75], "texture": "#0"}
			}
		},
		{
			"from": [10.725, -0.225, 14.025],
			"to": [13.025, 1.875, 14.225],
			"rotation": {"angle": 0, "axis": "y", "origin": [2, 11.1, 14]},
			"faces": {
				"north": {"uv": [7.5625, 10.25, 7, 9.75], "texture": "#0"},
				"east": {"uv": [6.3125, 12.5, 6.25, 12], "texture": "#0"},
				"south": {"uv": [10.3125, 7.25, 9.75, 6.75], "texture": "#0"},
				"west": {"uv": [6.5625, 12.5, 6.5, 12], "texture": "#0"},
				"up": {"uv": [12.3125, 6.5, 11.75, 6.5625], "texture": "#0"},
				"down": {"uv": [12.3125, 6.3125, 11.75, 6.25], "texture": "#0"}
			}
		},
		{
			"from": [13.025, -0.225, 11.925],
			"to": [13.225, 1.875, 14.225],
			"rotation": {"angle": 0, "axis": "y", "origin": [2, 11.1, 14]},
			"faces": {
				"north": {"uv": [12.0625, 4, 12, 3.5], "texture": "#0"},
				"east": {"uv": [10.3125, 1.5, 9.75, 1], "texture": "#0"},
				"south": {"uv": [12.0625, 3.5, 12, 3], "texture": "#0"},
				"west": {"uv": [10.3125, 2, 9.75, 1.5], "texture": "#0"},
				"up": {"uv": [1.3125, 11.75, 1.25, 12.3125], "texture": "#0"},
				"down": {"uv": [1.0625, 12.3125, 1, 11.75], "texture": "#0"}
			}
		},
		{
			"from": [10.725, -0.225, 11.925],
			"to": [13.025, -0.025, 14.025],
			"rotation": {"angle": 0, "axis": "y", "origin": [2, 11.1, 14]},
			"faces": {
				"north": {"uv": [12.5625, 1.8125, 12, 1.75], "texture": "#0"},
				"east": {"uv": [12, 12.0625, 11.5, 12], "texture": "#0"},
				"south": {"uv": [12.5625, 1.5625, 12, 1.5], "texture": "#0"},
				"west": {"uv": [12.5, 12.0625, 12, 12], "texture": "#0"},
				"up": {"uv": [8.3125, 10.25, 7.75, 10.75], "texture": "#0"},
				"down": {"uv": [7.5625, 10.75, 7, 10.25], "texture": "#0"}
			}
		},
		{
			"from": [8.75, 11.05, 8.975],
			"to": [9.25, 11.65, 10.475],
			"rotation": {"angle": 22.5, "axis": "x", "origin": [9, 10.65, 9.725]},
			"faces": {
				"north": {"uv": [1.6875, 8.625, 1.8125, 8.65], "texture": "#0"},
				"east": {"uv": [1.6875, 8.3125, 1.8125, 8.6875], "rotation": 270, "texture": "#0"},
				"south": {"uv": [0.125, 8.125, 0.25, 8.275], "texture": "#0"},
				"west": {"uv": [1.6875, 8.3125, 1.8125, 8.6875], "rotation": 90, "texture": "#0"},
				"up": {"uv": [1.6875, 9.0625, 1.8125, 9.4375], "texture": "#0"},
				"down": {"uv": [1.6875, 8.3125, 1.8125, 8.6875], "texture": "#0"}
			}
		},
		{
			"from": [7.75, 11.05, 8.975],
			"to": [8.25, 11.65, 10.475],
			"rotation": {"angle": 22.5, "axis": "x", "origin": [9, 10.65, 9.725]},
			"faces": {
				"north": {"uv": [1.6875, 8.625, 1.8125, 8.65], "texture": "#0"},
				"east": {"uv": [1.6875, 8.3125, 1.8125, 8.6875], "rotation": 270, "texture": "#0"},
				"south": {"uv": [0.125, 8.125, 0.25, 8.275], "texture": "#0"},
				"west": {"uv": [1.6875, 8.3125, 1.8125, 8.6875], "rotation": 90, "texture": "#0"},
				"up": {"uv": [1.6875, 9.0625, 1.8125, 9.4375], "texture": "#0"},
				"down": {"uv": [1.6875, 8.3125, 1.8125, 8.6875], "texture": "#0"}
			}
		},
		{
			"from": [6.75, 11.05, 8.975],
			"to": [7.25, 11.65, 10.475],
			"rotation": {"angle": 22.5, "axis": "x", "origin": [9, 10.65, 9.725]},
			"faces": {
				"north": {"uv": [1.6875, 8.625, 1.8125, 8.65], "texture": "#0"},
				"east": {"uv": [1.6875, 8.3125, 1.8125, 8.6875], "rotation": 270, "texture": "#0"},
				"south": {"uv": [0.125, 8.125, 0.25, 8.275], "texture": "#0"},
				"west": {"uv": [1.6875, 8.3125, 1.8125, 8.6875], "rotation": 90, "texture": "#0"},
				"up": {"uv": [1.6875, 9.0625, 1.8125, 9.4375], "texture": "#0"},
				"down": {"uv": [1.6875, 8.3125, 1.8125, 8.6875], "texture": "#0"}
			}
		},
		{
			"from": [5.75, 11.05, 8.975],
			"to": [6.25, 11.65, 10.475],
			"rotation": {"angle": 22.5, "axis": "x", "origin": [9, 10.65, 9.725]},
			"faces": {
				"north": {"uv": [1.6875, 8.625, 1.8125, 8.65], "texture": "#0"},
				"east": {"uv": [1.6875, 8.3125, 1.8125, 8.6875], "rotation": 270, "texture": "#0"},
				"south": {"uv": [0.125, 8.125, 0.25, 8.275], "texture": "#0"},
				"west": {"uv": [1.6875, 8.3125, 1.8125, 8.6875], "rotation": 90, "texture": "#0"},
				"up": {"uv": [1.6875, 9.0625, 1.8125, 9.4375], "texture": "#0"},
				"down": {"uv": [1.6875, 8.3125, 1.8125, 8.6875], "texture": "#0"}
			}
		},
		{
			"from": [5.75, 11.05, 6.525],
			"to": [6.25, 11.65, 8.025],
			"rotation": {"angle": -22.5, "axis": "x", "origin": [9, 10.65, 7.275]},
			"faces": {
				"north": {"uv": [1.6875, 9.0625, 1.8125, 9.0875], "texture": "#0"},
				"east": {"uv": [1.6875, 9.0625, 1.8125, 9.4375], "rotation": 270, "texture": "#0"},
				"south": {"uv": [1.6875, 8.6625, 1.8125, 8.6875], "texture": "#0"},
				"west": {"uv": [1.6875, 9.0625, 1.8125, 9.4375], "rotation": 90, "texture": "#0"},
				"up": {"uv": [1.6875, 8.3125, 1.8125, 8.6875], "texture": "#0"},
				"down": {"uv": [2.1875, 9.0625, 2.3125, 9.4375], "texture": "#0"}
			}
		},
		{
			"from": [6.75, 11.05, 6.525],
			"to": [7.25, 11.65, 8.025],
			"rotation": {"angle": -22.5, "axis": "x", "origin": [9, 10.65, 7.275]},
			"faces": {
				"north": {"uv": [1.6875, 9.0625, 1.8125, 9.0875], "texture": "#0"},
				"east": {"uv": [1.6875, 9.0625, 1.8125, 9.4375], "rotation": 270, "texture": "#0"},
				"south": {"uv": [1.6875, 8.6625, 1.8125, 8.6875], "texture": "#0"},
				"west": {"uv": [1.6875, 9.0625, 1.8125, 9.4375], "rotation": 90, "texture": "#0"},
				"up": {"uv": [1.6875, 8.3125, 1.8125, 8.6875], "texture": "#0"},
				"down": {"uv": [2.1875, 9.0625, 2.3125, 9.4375], "texture": "#0"}
			}
		},
		{
			"from": [7.75, 11.05, 6.525],
			"to": [8.25, 11.65, 8.025],
			"rotation": {"angle": -22.5, "axis": "x", "origin": [9, 10.65, 7.275]},
			"faces": {
				"north": {"uv": [1.6875, 9.0625, 1.8125, 9.0875], "texture": "#0"},
				"east": {"uv": [1.6875, 9.0625, 1.8125, 9.4375], "rotation": 270, "texture": "#0"},
				"south": {"uv": [1.6875, 8.6625, 1.8125, 8.6875], "texture": "#0"},
				"west": {"uv": [1.6875, 9.0625, 1.8125, 9.4375], "rotation": 90, "texture": "#0"},
				"up": {"uv": [1.6875, 8.3125, 1.8125, 8.6875], "texture": "#0"},
				"down": {"uv": [2.1875, 9.0625, 2.3125, 9.4375], "texture": "#0"}
			}
		},
		{
			"from": [8.75, 11.05, 6.525],
			"to": [9.25, 11.65, 8.025],
			"rotation": {"angle": -22.5, "axis": "x", "origin": [9, 10.65, 7.275]},
			"faces": {
				"north": {"uv": [1.6875, 9.0625, 1.8125, 9.0875], "texture": "#0"},
				"east": {"uv": [1.6875, 9.0625, 1.8125, 9.4375], "rotation": 270, "texture": "#0"},
				"south": {"uv": [1.6875, 8.6625, 1.8125, 8.6875], "texture": "#0"},
				"west": {"uv": [1.6875, 9.0625, 1.8125, 9.4375], "rotation": 90, "texture": "#0"},
				"up": {"uv": [1.6875, 8.3125, 1.8125, 8.6875], "texture": "#0"},
				"down": {"uv": [2.1875, 9.0625, 2.3125, 9.4375], "texture": "#0"}
			}
		},
		{
			"from": [5, 10.7, 6],
			"to": [10, 11.3, 11],
			"rotation": {"angle": 0, "axis": "y", "origin": [2, 0, 3]},
			"faces": {
				"north": {"uv": [10.5, 9.75, 11.75, 9.875], "texture": "#0"},
				"east": {"uv": [10.5, 10, 11.75, 10.125], "texture": "#0"},
				"south": {"uv": [10.5, 10.25, 11.75, 10.375], "texture": "#0"},
				"west": {"uv": [10.5, 10.5, 11.75, 10.625], "texture": "#0"},
				"up": {"uv": [2.75, 9.5, 1.5, 8.25], "texture": "#0"},
				"down": {"uv": [4, 8.25, 2.75, 9.5], "texture": "#0"}
			}
		},
		{
			"from": [9.8, 11, 5.2],
			"to": [10.6, 12.1, 6],
			"rotation": {"angle": 0, "axis": "y", "origin": [2, 0, 3]},
			"faces": {
				"north": {"uv": [11.5, 2, 11.6875, 2.25], "texture": "#0"},
				"east": {"uv": [11.5, 2.25, 11.6875, 2.5], "texture": "#0"},
				"south": {"uv": [11.5, 2.5, 11.6875, 2.75], "texture": "#0"},
				"west": {"uv": [11.5, 2.75, 11.6875, 3], "texture": "#0"},
				"up": {"uv": [9.6875, 11.6875, 9.5, 11.5], "texture": "#0"},
				"down": {"uv": [11.6875, 9.5, 11.5, 9.6875], "texture": "#0"}
			}
		},
		{
			"from": [9.7, 12.1, 5.3],
			"to": [10.5, 13.2, 6.1],
			"rotation": {"angle": 0, "axis": "y", "origin": [2, 0, 3]},
			"faces": {
				"north": {"uv": [6, 11.5, 6.1875, 11.75], "texture": "#0"},
				"east": {"uv": [6.25, 11.5, 6.4375, 11.75], "texture": "#0"},
				"south": {"uv": [6.5, 11.5, 6.6875, 11.75], "texture": "#0"},
				"west": {"uv": [11.5, 6.5, 11.6875, 6.75], "texture": "#0"},
				"up": {"uv": [11.1875, 11.6875, 11, 11.5], "texture": "#0"},
				"down": {"uv": [11.6875, 11, 11.5, 11.1875], "texture": "#0"}
			}
		},
		{
			"from": [9.6, 13.2, 5.5],
			"to": [10.3, 14.1, 6.2],
			"rotation": {"angle": 0, "axis": "y", "origin": [2, 0, 3]},
			"faces": {
				"north": {"uv": [8.25, 11.5, 8.4375, 11.75], "texture": "#0"},
				"east": {"uv": [11.5, 8.25, 11.6875, 8.5], "texture": "#0"},
				"south": {"uv": [8.5, 11.5, 8.6875, 11.75], "texture": "#0"},
				"west": {"uv": [11.5, 8.5, 11.6875, 8.75], "texture": "#0"},
				"up": {"uv": [11.9375, 0.4375, 11.75, 0.25], "texture": "#0"},
				"down": {"uv": [0.6875, 11.75, 0.5, 11.9375], "texture": "#0"}
			}
		},
		{
			"from": [9.5, 14.1, 5.7],
			"to": [10.1, 14.5, 6.3],
			"rotation": {"angle": 0, "axis": "y", "origin": [2, 0, 3]},
			"faces": {
				"north": {"uv": [7.75, 12, 7.875, 12.125], "texture": "#0"},
				"east": {"uv": [0, 12.25, 0.125, 12.375], "texture": "#0"},
				"south": {"uv": [0.25, 12.25, 0.375, 12.375], "texture": "#0"},
				"west": {"uv": [0.5, 12.25, 0.625, 12.375], "texture": "#0"},
				"up": {"uv": [12.375, 2.125, 12.25, 2], "texture": "#0"},
				"down": {"uv": [12.375, 2.25, 12.25, 2.375], "texture": "#0"}
			}
		},
		{
			"from": [9.4, 14.5, 5.9],
			"to": [9.9, 14.9, 6.4],
			"rotation": {"angle": 0, "axis": "y", "origin": [2, 0, 3]},
			"faces": {
				"north": {"uv": [9, 12.25, 9.125, 12.375], "texture": "#0"},
				"east": {"uv": [9.25, 12.25, 9.375, 12.375], "texture": "#0"},
				"south": {"uv": [9.5, 12.25, 9.625, 12.375], "texture": "#0"},
				"west": {"uv": [10, 12.25, 10.125, 12.375], "texture": "#0"},
				"up": {"uv": [10.375, 12.375, 10.25, 12.25], "texture": "#0"},
				"down": {"uv": [10.625, 12.25, 10.5, 12.375], "texture": "#0"}
			}
		},
		{
			"from": [4.4, 11, 5.2],
			"to": [5.2, 12.1, 6],
			"rotation": {"angle": 0, "axis": "y", "origin": [2, 0, 3]},
			"faces": {
				"north": {"uv": [0.25, 11.5, 0.4375, 11.75], "texture": "#0"},
				"east": {"uv": [11.5, 0.25, 11.6875, 0.5], "texture": "#0"},
				"south": {"uv": [0.5, 11.5, 0.6875, 11.75], "texture": "#0"},
				"west": {"uv": [11.5, 0.5, 11.6875, 0.75], "texture": "#0"},
				"up": {"uv": [8.9375, 11.6875, 8.75, 11.5], "texture": "#0"},
				"down": {"uv": [11.6875, 8.75, 11.5, 8.9375], "texture": "#0"}
			}
		},
		{
			"from": [4.5, 12.1, 5.3],
			"to": [5.3, 13.2, 6.1],
			"rotation": {"angle": 0, "axis": "y", "origin": [2, 0, 3]},
			"faces": {
				"north": {"uv": [11.5, 5.25, 11.6875, 5.5], "texture": "#0"},
				"east": {"uv": [11.5, 5.5, 11.6875, 5.75], "texture": "#0"},
				"south": {"uv": [5.75, 11.5, 5.9375, 11.75], "texture": "#0"},
				"west": {"uv": [11.5, 5.75, 11.6875, 6], "texture": "#0"},
				"up": {"uv": [10.9375, 11.6875, 10.75, 11.5], "texture": "#0"},
				"down": {"uv": [11.6875, 10.75, 11.5, 10.9375], "texture": "#0"}
			}
		},
		{
			"from": [4.7, 13.2, 5.5],
			"to": [5.4, 14.1, 6.2],
			"rotation": {"angle": 0, "axis": "y", "origin": [2, 0, 3]},
			"faces": {
				"north": {"uv": [6.75, 11.5, 6.9375, 11.75], "texture": "#0"},
				"east": {"uv": [11.5, 6.75, 11.6875, 7], "texture": "#0"},
				"south": {"uv": [7, 11.5, 7.1875, 11.75], "texture": "#0"},
				"west": {"uv": [11.5, 7, 11.6875, 7.25], "texture": "#0"},
				"up": {"uv": [11.4375, 11.6875, 11.25, 11.5], "texture": "#0"},
				"down": {"uv": [11.6875, 11.25, 11.5, 11.4375], "texture": "#0"}
			}
		},
		{
			"from": [4.9, 14.1, 5.7],
			"to": [5.5, 14.5, 6.3],
			"rotation": {"angle": 0, "axis": "y", "origin": [2, 0, 3]},
			"faces": {
				"north": {"uv": [12.25, 6.75, 12.375, 6.875], "texture": "#0"},
				"east": {"uv": [12.25, 7, 12.375, 7.125], "texture": "#0"},
				"south": {"uv": [7.75, 12.25, 7.875, 12.375], "texture": "#0"},
				"west": {"uv": [8.25, 12.25, 8.375, 12.375], "texture": "#0"},
				"up": {"uv": [8.625, 12.375, 8.5, 12.25], "texture": "#0"},
				"down": {"uv": [8.875, 12.25, 8.75, 12.375], "texture": "#0"}
			}
		},
		{
			"from": [5.1, 14.5, 5.9],
			"to": [5.6, 14.9, 6.4],
			"rotation": {"angle": 0, "axis": "y", "origin": [2, 0, 3]},
			"faces": {
				"north": {"uv": [1, 12.5, 1.125, 12.625], "texture": "#0"},
				"east": {"uv": [1.25, 12.5, 1.375, 12.625], "texture": "#0"},
				"south": {"uv": [1.5, 12.5, 1.625, 12.625], "texture": "#0"},
				"west": {"uv": [1.75, 12.5, 1.875, 12.625], "texture": "#0"},
				"up": {"uv": [2.125, 12.625, 2, 12.5], "texture": "#0"},
				"down": {"uv": [12.625, 2, 12.5, 2.125], "texture": "#0"}
			}
		},
		{
			"from": [9.8, 11, 11],
			"to": [10.6, 12.1, 11.8],
			"rotation": {"angle": 0, "axis": "y", "origin": [2, 0, 3]},
			"faces": {
				"north": {"uv": [0.75, 11.5, 0.9375, 11.75], "texture": "#0"},
				"east": {"uv": [11.5, 0.75, 11.6875, 1], "texture": "#0"},
				"south": {"uv": [1, 11.5, 1.1875, 11.75], "texture": "#0"},
				"west": {"uv": [11.5, 1, 11.6875, 1.25], "texture": "#0"},
				"up": {"uv": [9.1875, 11.6875, 9, 11.5], "texture": "#0"},
				"down": {"uv": [11.6875, 9, 11.5, 9.1875], "texture": "#0"}
			}
		},
		{
			"from": [9.7, 12.1, 10.9],
			"to": [10.5, 13.2, 11.7],
			"rotation": {"angle": 0, "axis": "y", "origin": [2, 0, 3]},
			"faces": {
				"north": {"uv": [11.5, 3, 11.6875, 3.25], "texture": "#0"},
				"east": {"uv": [11.5, 3.25, 11.6875, 3.5], "texture": "#0"},
				"south": {"uv": [4, 11.5, 4.1875, 11.75], "texture": "#0"},
				"west": {"uv": [4.25, 11.5, 4.4375, 11.75], "texture": "#0"},
				"up": {"uv": [9.9375, 11.6875, 9.75, 11.5], "texture": "#0"},
				"down": {"uv": [10.1875, 11.5, 10, 11.6875], "texture": "#0"}
			}
		},
		{
			"from": [9.6, 13.2, 10.8],
			"to": [10.3, 14.1, 11.5],
			"rotation": {"angle": 0, "axis": "y", "origin": [2, 0, 3]},
			"faces": {
				"north": {"uv": [7.75, 11.5, 7.9375, 11.75], "texture": "#0"},
				"east": {"uv": [11.5, 7.75, 11.6875, 8], "texture": "#0"},
				"south": {"uv": [8, 11.5, 8.1875, 11.75], "texture": "#0"},
				"west": {"uv": [11.5, 8, 11.6875, 8.25], "texture": "#0"},
				"up": {"uv": [11.9375, 0.1875, 11.75, 0], "texture": "#0"},
				"down": {"uv": [0.4375, 11.75, 0.25, 11.9375], "texture": "#0"}
			}
		},
		{
			"from": [9.5, 14.1, 10.7],
			"to": [10.1, 14.5, 11.3],
			"rotation": {"angle": 0, "axis": "y", "origin": [2, 0, 3]},
			"faces": {
				"north": {"uv": [12.25, 2.5, 12.375, 2.625], "texture": "#0"},
				"east": {"uv": [12.25, 2.75, 12.375, 2.875], "texture": "#0"},
				"south": {"uv": [12.25, 3, 12.375, 3.125], "texture": "#0"},
				"west": {"uv": [12.25, 3.25, 12.375, 3.375], "texture": "#0"},
				"up": {"uv": [12.375, 3.625, 12.25, 3.5], "texture": "#0"},
				"down": {"uv": [12.375, 3.75, 12.25, 3.875], "texture": "#0"}
			}
		},
		{
			"from": [9.4, 14.5, 10.6],
			"to": [9.9, 14.9, 11.1],
			"rotation": {"angle": 0, "axis": "y", "origin": [2, 0, 3]},
			"faces": {
				"north": {"uv": [10.75, 12.25, 10.875, 12.375], "texture": "#0"},
				"east": {"uv": [11, 12.25, 11.125, 12.375], "texture": "#0"},
				"south": {"uv": [11.25, 12.25, 11.375, 12.375], "texture": "#0"},
				"west": {"uv": [11.5, 12.25, 11.625, 12.375], "texture": "#0"},
				"up": {"uv": [11.875, 12.375, 11.75, 12.25], "texture": "#0"},
				"down": {"uv": [12.375, 11.75, 12.25, 11.875], "texture": "#0"}
			}
		},
		{
			"from": [4.4, 11, 11],
			"to": [5.2, 12.1, 11.8],
			"rotation": {"angle": 0, "axis": "y", "origin": [2, 0, 3]},
			"faces": {
				"north": {"uv": [1.25, 11.5, 1.4375, 11.75], "texture": "#0"},
				"east": {"uv": [11.5, 1.25, 11.6875, 1.5], "texture": "#0"},
				"south": {"uv": [11.5, 1.5, 11.6875, 1.75], "texture": "#0"},
				"west": {"uv": [11.5, 1.75, 11.6875, 2], "texture": "#0"},
				"up": {"uv": [9.4375, 11.6875, 9.25, 11.5], "texture": "#0"},
				"down": {"uv": [11.6875, 9.25, 11.5, 9.4375], "texture": "#0"}
			}
		},
		{
			"from": [4.5, 12.1, 10.9],
			"to": [5.3, 13.2, 11.7],
			"rotation": {"angle": 0, "axis": "y", "origin": [2, 0, 3]},
			"faces": {
				"north": {"uv": [4.5, 11.5, 4.6875, 11.75], "texture": "#0"},
				"east": {"uv": [11.5, 4.5, 11.6875, 4.75], "texture": "#0"},
				"south": {"uv": [11.5, 4.75, 11.6875, 5], "texture": "#0"},
				"west": {"uv": [11.5, 5, 11.6875, 5.25], "texture": "#0"},
				"up": {"uv": [10.4375, 11.6875, 10.25, 11.5], "texture": "#0"},
				"down": {"uv": [10.6875, 11.5, 10.5, 11.6875], "texture": "#0"}
			}
		},
		{
			"from": [4.7, 13.2, 10.8],
			"to": [5.4, 14.1, 11.5],
			"rotation": {"angle": 0, "axis": "y", "origin": [2, 0, 3]},
			"faces": {
				"north": {"uv": [7.25, 11.5, 7.4375, 11.75], "texture": "#0"},
				"east": {"uv": [11.5, 7.25, 11.6875, 7.5], "texture": "#0"},
				"south": {"uv": [7.5, 11.5, 7.6875, 11.75], "texture": "#0"},
				"west": {"uv": [11.5, 7.5, 11.6875, 7.75], "texture": "#0"},
				"up": {"uv": [11.6875, 11.6875, 11.5, 11.5], "texture": "#0"},
				"down": {"uv": [0.1875, 11.75, 0, 11.9375], "texture": "#0"}
			}
		},
		{
			"from": [4.9, 14.1, 10.7],
			"to": [5.5, 14.5, 11.3],
			"rotation": {"angle": 0, "axis": "y", "origin": [2, 0, 3]},
			"faces": {
				"north": {"uv": [12.25, 4, 12.375, 4.125], "texture": "#0"},
				"east": {"uv": [12.25, 4.25, 12.375, 4.375], "texture": "#0"},
				"south": {"uv": [12.25, 4.5, 12.375, 4.625], "texture": "#0"},
				"west": {"uv": [12.25, 4.75, 12.375, 4.875], "texture": "#0"},
				"up": {"uv": [12.375, 5.125, 12.25, 5], "texture": "#0"},
				"down": {"uv": [12.375, 5.25, 12.25, 5.375], "texture": "#0"}
			}
		},
		{
			"from": [5.1, 14.5, 10.6],
			"to": [5.6, 14.9, 11.1],
			"rotation": {"angle": 0, "axis": "y", "origin": [2, 0, 3]},
			"faces": {
				"north": {"uv": [12, 12.25, 12.125, 12.375], "texture": "#0"},
				"east": {"uv": [12.25, 12.25, 12.375, 12.375], "texture": "#0"},
				"south": {"uv": [0, 12.5, 0.125, 12.625], "texture": "#0"},
				"west": {"uv": [0.25, 12.5, 0.375, 12.625], "texture": "#0"},
				"up": {"uv": [0.625, 12.625, 0.5, 12.5], "texture": "#0"},
				"down": {"uv": [0.875, 12.5, 0.75, 12.625], "texture": "#0"}
			}
		},
		{
			"from": [7.75531, 9.46735, 7.8],
			"to": [8.75531, 10.94235, 9.2],
			"rotation": {"angle": 0, "axis": "y", "origin": [8.25531, 10.44235, 8.5]},
			"faces": {
				"north": {"uv": [11.25, 5, 11.5, 5.375], "texture": "#0"},
				"east": {"uv": [10.75, 6.5, 11.125, 6.875], "texture": "#0"},
				"south": {"uv": [5.25, 11.25, 5.5, 11.625], "texture": "#0"},
				"west": {"uv": [6.75, 10.75, 7.125, 11.125], "texture": "#0"},
				"up": {"uv": [5.75, 11.625, 5.5, 11.25], "texture": "#0"},
				"down": {"uv": [11.5, 5.5, 11.25, 5.875], "texture": "#0"}
			}
		},
		{
			"from": [9.03517, 8.2, 7.8],
			"to": [10.03517, 9.7, 9.2],
			"rotation": {"angle": 0, "axis": "y", "origin": [7.53517, 8, 8.5]},
			"faces": {
				"north": {"uv": [11.25, 0, 11.5, 0.375], "texture": "#0"},
				"east": {"uv": [3.5, 10.75, 3.875, 11.125], "texture": "#0"},
				"south": {"uv": [11.25, 0.5, 11.5, 0.875], "texture": "#0"},
				"west": {"uv": [10.75, 3.5, 11.125, 3.875], "texture": "#0"},
				"up": {"uv": [11.5, 1.375, 11.25, 1], "texture": "#0"},
				"down": {"uv": [1.75, 11.25, 1.5, 11.625], "texture": "#0"}
			}
		},
		{
			"from": [4.95, 8.2, 7.8],
			"to": [5.95, 9.7, 9.2],
			"rotation": {"angle": 0, "axis": "y", "origin": [7.45, 8, 8.5]},
			"faces": {
				"north": {"uv": [4.5, 11, 4.75, 11.375], "texture": "#0"},
				"east": {"uv": [1.5, 10.75, 1.875, 11.125], "texture": "#0"},
				"south": {"uv": [7.25, 11, 7.5, 11.375], "texture": "#0"},
				"west": {"uv": [2, 10.75, 2.375, 11.125], "texture": "#0"},
				"up": {"uv": [7.75, 11.375, 7.5, 11], "texture": "#0"},
				"down": {"uv": [8, 11, 7.75, 11.375], "texture": "#0"}
			}
		},
		{
			"from": [9.03517, 6.7, 7.8],
			"to": [10.03517, 8.2, 9.2],
			"rotation": {"angle": 0, "axis": "y", "origin": [7.53517, 8, 8.5]},
			"faces": {
				"north": {"uv": [8.75, 11, 9, 11.375], "texture": "#0"},
				"east": {"uv": [2.5, 10.75, 2.875, 11.125], "texture": "#0"},
				"south": {"uv": [9, 11, 9.25, 11.375], "texture": "#0"},
				"west": {"uv": [10.75, 2.5, 11.125, 2.875], "texture": "#0"},
				"up": {"uv": [9.5, 11.375, 9.25, 11], "texture": "#0"},
				"down": {"uv": [9.75, 11, 9.5, 11.375], "texture": "#0"}
			}
		},
		{
			"from": [4.95, 6.7, 7.8],
			"to": [5.95, 8.2, 9.2],
			"rotation": {"angle": 0, "axis": "y", "origin": [7.45, 8, 8.5]},
			"faces": {
				"north": {"uv": [10.25, 11, 10.5, 11.375], "texture": "#0"},
				"east": {"uv": [3, 10.75, 3.375, 11.125], "texture": "#0"},
				"south": {"uv": [10.5, 11, 10.75, 11.375], "texture": "#0"},
				"west": {"uv": [10.75, 3, 11.125, 3.375], "texture": "#0"},
				"up": {"uv": [11, 11.375, 10.75, 11], "texture": "#0"},
				"down": {"uv": [11.25, 11, 11, 11.375], "texture": "#0"}
			}
		},
		{
			"from": [9.25664, 7.23052, 7.8],
			"to": [10.25664, 8.73052, 9.2],
			"rotation": {"angle": 0, "axis": "y", "origin": [9.75664, 6.23052, 8.5]},
			"faces": {
				"north": {"uv": [11.25, 1.5, 11.5, 1.875], "texture": "#0"},
				"east": {"uv": [10.75, 4, 11.125, 4.375], "texture": "#0"},
				"south": {"uv": [1.75, 11.25, 2, 11.625], "texture": "#0"},
				"west": {"uv": [10.75, 4.5, 11.125, 4.875], "texture": "#0"},
				"up": {"uv": [2.25, 11.625, 2, 11.25], "texture": "#0"},
				"down": {"uv": [11.5, 2, 11.25, 2.375], "texture": "#0"}
			}
		},
		{
			"from": [4.72854, 7.23052, 7.8],
			"to": [5.72854, 8.73052, 9.2],
			"rotation": {"angle": 0, "axis": "y", "origin": [5.22854, 6.23052, 8.5]},
			"faces": {
				"north": {"uv": [2.25, 11.25, 2.5, 11.625], "texture": "#0"},
				"east": {"uv": [4.75, 10.75, 5.125, 11.125], "texture": "#0"},
				"south": {"uv": [2.5, 11.25, 2.75, 11.625], "texture": "#0"},
				"west": {"uv": [10.75, 5, 11.125, 5.375], "texture": "#0"},
				"up": {"uv": [11.5, 2.875, 11.25, 2.5], "texture": "#0"},
				"down": {"uv": [3, 11.25, 2.75, 11.625], "texture": "#0"}
			}
		},
		{
			"from": [9.25664, 5.73052, 7.8],
			"to": [10.25664, 7.23052, 9.2],
			"rotation": {"angle": 0, "axis": "y", "origin": [9.75664, 4.23052, 8.5]},
			"faces": {
				"north": {"uv": [3, 11.25, 3.25, 11.625], "texture": "#0"},
				"east": {"uv": [5.25, 10.75, 5.625, 11.125], "texture": "#0"},
				"south": {"uv": [11.25, 3, 11.5, 3.375], "texture": "#0"},
				"west": {"uv": [5.75, 10.75, 6.125, 11.125], "texture": "#0"},
				"up": {"uv": [3.5, 11.625, 3.25, 11.25], "texture": "#0"},
				"down": {"uv": [3.75, 11.25, 3.5, 11.625], "texture": "#0"}
			}
		},
		{
			"from": [4.72854, 5.73052, 7.8],
			"to": [5.72854, 7.23052, 9.2],
			"rotation": {"angle": 0, "axis": "y", "origin": [5.22854, 4.23052, 8.5]},
			"faces": {
				"north": {"uv": [3.75, 11.25, 4, 11.625], "texture": "#0"},
				"east": {"uv": [10.75, 6, 11.125, 6.375], "texture": "#0"},
				"south": {"uv": [11.25, 4.5, 11.5, 4.875], "texture": "#0"},
				"west": {"uv": [6.25, 10.75, 6.625, 11.125], "texture": "#0"},
				"up": {"uv": [5, 11.625, 4.75, 11.25], "texture": "#0"},
				"down": {"uv": [5.25, 11.25, 5, 11.625], "texture": "#0"}
			}
		},
		{
			"from": [7.93164, 5.73052, 7.8],
			"to": [9.25664, 6.73052, 9.2],
			"rotation": {"angle": 0, "axis": "y", "origin": [9.75664, 7.23052, 8.5]},
			"faces": {
				"north": {"uv": [5.75, 11.25, 6.0625, 11.5], "texture": "#0"},
				"east": {"uv": [11.25, 3.5, 11.625, 3.75], "texture": "#0"},
				"south": {"uv": [11.25, 6, 11.5625, 6.25], "texture": "#0"},
				"west": {"uv": [11.25, 3.75, 11.625, 4], "texture": "#0"},
				"up": {"uv": [0.3125, 11.375, 0, 11], "texture": "#0"},
				"down": {"uv": [0.8125, 11, 0.5, 11.375], "texture": "#0"}
			}
		},
		{
			"from": [5.72854, 5.73052, 7.8],
			"to": [7.05354, 6.73052, 9.2],
			"rotation": {"angle": 0, "axis": "y", "origin": [9.55354, 7.23052, 8.5]},
			"faces": {
				"north": {"uv": [6.25, 11.25, 6.5625, 11.5], "texture": "#0"},
				"east": {"uv": [11.25, 4, 11.625, 4.25], "texture": "#0"},
				"south": {"uv": [11.25, 6.25, 11.5625, 6.5], "texture": "#0"},
				"west": {"uv": [11.25, 4.25, 11.625, 4.5], "texture": "#0"},
				"up": {"uv": [1.3125, 11.375, 1, 11], "texture": "#0"},
				"down": {"uv": [4.3125, 11, 4, 11.375], "texture": "#0"}
			}
		},
		{
			"from": [7, 2, 8],
			"to": [8, 8, 9],
			"rotation": {"angle": 0, "axis": "y", "origin": [7, 2, 18]},
			"faces": {
				"north": {"uv": [8.5, 2.75, 8.75, 4.25], "texture": "#0"},
				"east": {"uv": [8.5, 8.25, 8.75, 9.75], "texture": "#0"},
				"south": {"uv": [8.75, 2.75, 9, 4.25], "texture": "#0"},
				"west": {"uv": [8.75, 4.25, 9, 5.75], "texture": "#0"},
				"up": {"uv": [10, 2.75, 9.75, 2.5], "texture": "#0"},
				"down": {"uv": [11.5, 6.5, 11.25, 6.75], "texture": "#0"}
			}
		},
		{
			"from": [7, 3, 9],
			"to": [8, 8, 10],
			"rotation": {"angle": 0, "axis": "y", "origin": [7, 2, 18]},
			"faces": {
				"north": {"uv": [8.75, 5.75, 9, 7.25], "texture": "#0"},
				"east": {"uv": [8.75, 7.25, 9, 8.75], "texture": "#0"},
				"south": {"uv": [8.75, 8.75, 9, 10.25], "texture": "#0"},
				"west": {"uv": [9, 2.75, 9.25, 4.25], "texture": "#0"},
				"up": {"uv": [7, 11.5, 6.75, 11.25], "texture": "#0"},
				"down": {"uv": [11.5, 6.75, 11.25, 7], "texture": "#0"}
			}
		},
		{
			"from": [7, 4, 10],
			"to": [8, 8, 11],
			"rotation": {"angle": 0, "axis": "y", "origin": [7, 2, 18]},
			"faces": {
				"north": {"uv": [8.5, 4.25, 8.75, 5.5], "texture": "#0"},
				"east": {"uv": [3, 9.5, 3.25, 10.75], "texture": "#0"},
				"south": {"uv": [3.25, 9.5, 3.5, 10.75], "texture": "#0"},
				"west": {"uv": [3.5, 9.5, 3.75, 10.75], "texture": "#0"},
				"up": {"uv": [7.25, 11.5, 7, 11.25], "texture": "#0"},
				"down": {"uv": [8.25, 11.25, 8, 11.5], "texture": "#0"}
			}
		},
		{
			"from": [7, 2, 7],
			"to": [8, 8, 8],
			"rotation": {"angle": 0, "axis": "y", "origin": [7, 2, 18]},
			"faces": {
				"north": {"uv": [4, 9, 4.25, 10.5], "texture": "#0"},
				"east": {"uv": [4.25, 9, 4.5, 10.5], "texture": "#0"},
				"south": {"uv": [9, 4.25, 9.25, 5.75], "texture": "#0"},
				"west": {"uv": [4.5, 9, 4.75, 10.5], "texture": "#0"},
				"up": {"uv": [11.5, 9.75, 11.25, 9.5], "texture": "#0"},
				"down": {"uv": [10, 11.25, 9.75, 11.5], "texture": "#0"}
			}
		},
		{
			"from": [7, 4, 6.025],
			"to": [8, 8, 7],
			"rotation": {"angle": 0, "axis": "y", "origin": [7, 2, 18]},
			"faces": {
				"north": {"uv": [3.75, 9.5, 4, 10.75], "texture": "#0"},
				"east": {"uv": [9, 9.5, 9.25, 10.75], "texture": "#0"},
				"south": {"uv": [9.25, 9.5, 9.5, 10.75], "texture": "#0"},
				"west": {"uv": [9.5, 9.5, 9.75, 10.75], "texture": "#0"},
				"up": {"uv": [10.25, 11.5, 10, 11.25], "texture": "#0"},
				"down": {"uv": [11.5, 10.75, 11.25, 11], "texture": "#0"}
			}
		},
		{
			"from": [7, 8, 7],
			"to": [8, 9, 10],
			"rotation": {"angle": 0, "axis": "y", "origin": [7, -15, 5]},
			"faces": {
				"north": {"uv": [11.5, 11.25, 11.25, 11.5], "rotation": 180, "texture": "#0"},
				"east": {"uv": [10.5, 8.25, 10.75, 9], "rotation": 270, "texture": "#0"},
				"south": {"uv": [11.5, 11.25, 11.25, 11], "texture": "#0"},
				"west": {"uv": [10.5, 9, 10.75, 9.75], "rotation": 90, "texture": "#0"},
				"up": {"uv": [10.5, 7.5, 10.75, 8.25], "rotation": 180, "texture": "#0"},
				"down": {"uv": [8.5, 10.5, 8.75, 11.25], "texture": "#0"}
			}
		},
		{
			"from": [6.4, 5, 6],
			"to": [8.6, 7, 7],
			"rotation": {"angle": 0, "axis": "y", "origin": [7, 2, 18]},
			"faces": {
				"north": {"uv": [10.5, 0.5, 11.0625, 1], "texture": "#0"},
				"east": {"uv": [9.75, 10.75, 10, 11.25], "texture": "#0"},
				"south": {"uv": [10.5, 1, 11.0625, 1.5], "texture": "#0"},
				"west": {"uv": [10, 10.75, 10.25, 11.25], "texture": "#0"},
				"up": {"uv": [11.3125, 7.5, 10.75, 7.25], "texture": "#0"},
				"down": {"uv": [11.3125, 7.5, 10.75, 7.75], "texture": "#0"}
			}
		},
		{
			"from": [6.4, 7, 7],
			"to": [8.6, 8, 8],
			"rotation": {"angle": 0, "axis": "y", "origin": [7, 2, 18]},
			"faces": {
				"north": {"uv": [10.75, 7.75, 11.3125, 8], "texture": "#0"},
				"east": {"uv": [10, 5.5, 10.5, 5.75], "texture": "#0"},
				"south": {"uv": [10.75, 8, 11.3125, 8.25], "texture": "#0"},
				"west": {"uv": [10.75, 9.5, 11.25, 9.75], "texture": "#0"},
				"up": {"uv": [11.0625, 2, 10.5, 1.5], "texture": "#0"},
				"down": {"uv": [11.0625, 2, 10.5, 2.5], "texture": "#0"}
			}
		},
		{
			"from": [6.4, 7, 8],
			"to": [8.6, 8, 10],
			"rotation": {"angle": 0, "axis": "y", "origin": [7, 2, 18]},
			"faces": {
				"north": {"uv": [10.75, 8.25, 11.3125, 8.5], "texture": "#0"},
				"east": {"uv": [10.25, 10.75, 10.75, 11], "texture": "#0"},
				"south": {"uv": [10.75, 8.5, 11.3125, 8.75], "texture": "#0"},
				"west": {"uv": [10.75, 10.75, 11.25, 11], "texture": "#0"},
				"up": {"uv": [4.5625, 11, 4, 10.5], "texture": "#0"},
				"down": {"uv": [11.0625, 5.5, 10.5, 6], "texture": "#0"}
			}
		},
		{
			"from": [6.4, 4, 7],
			"to": [8.6, 7, 10],
			"rotation": {"angle": 0, "axis": "y", "origin": [7, 2, 18]},
			"faces": {
				"north": {"uv": [5.5, 8.25, 6.0625, 9], "texture": "#0"},
				"east": {"uv": [4, 8.25, 4.75, 9], "texture": "#0"},
				"south": {"uv": [6.25, 8.25, 6.8125, 9], "texture": "#0"},
				"west": {"uv": [4.75, 8.25, 5.5, 9], "texture": "#0"},
				"up": {"uv": [7.5625, 9, 7, 8.25], "texture": "#0"},
				"down": {"uv": [8.3125, 8.25, 7.75, 9], "texture": "#0"}
			}
		},
		{
			"from": [6.4, 3, 8],
			"to": [8.6, 4, 9],
			"rotation": {"angle": 0, "axis": "y", "origin": [7, 2, 18]},
			"faces": {
				"north": {"uv": [10.75, 8.75, 11.3125, 9], "texture": "#0"},
				"east": {"uv": [0, 11.5, 0.25, 11.75], "texture": "#0"},
				"south": {"uv": [9, 10.75, 9.5625, 11], "texture": "#0"},
				"west": {"uv": [11.5, 0, 11.75, 0.25], "texture": "#0"},
				"up": {"uv": [11.3125, 9.25, 10.75, 9], "texture": "#0"},
				"down": {"uv": [11.3125, 9.25, 10.75, 9.5], "texture": "#0"}
			}
		}
	],
	"display": {
		"thirdperson_righthand": {
			"rotation": [48, 0, 0],
			"translation": [0.5, 3, 1.25],
			"scale": [0.5, 0.5, 0.5]
		},
		"thirdperson_lefthand": {
			"rotation": [48, 0, 0],
			"translation": [0.25, 3.25, 0.5],
			"scale": [0.5, 0.5, 0.5]
		},
		"firstperson_righthand": {
			"rotation": [0, 28, 0],
			"translation": [2.5, 0, 0],
			"scale": [0.5, 0.5, 0.5]
		},
		"firstperson_lefthand": {
			"rotation": [0, 33, 0],
			"translation": [4.25, 0, -0.75],
			"scale": [0.5, 0.5, 0.5]
		},
		"ground": {
			"translation": [0.25, 0.75, 0],
			"scale": [0.5, 0.5, 0.5]
		},
		"gui": {
			"rotation": [31, -44, 0],
			"translation": [1, 1.5, 0],
			"scale": [0.75, 0.75, 0.75]
		},
		"head": {
			"translation": [0.75, 3, 0],
			"scale": [1.33, 1.36, 1.35]
		},
		"fixed": {
			"translation": [0, 1.75, 0]
		}
	},
	"groups": [
		{
			"name": "whole",
			"origin": [-6, 0, -5],
			"color": 0,
			"nbt": "{}",
			"children": [
				{
					"name": "cage",
					"origin": [-6, 0, -5],
					"color": 0,
					"nbt": "{}",
					"children": [0]
				},
				{
					"name": "chains",
					"origin": [-6.00801, 5.45, 21.01304],
					"color": 0,
					"nbt": "{}",
					"children": [1, 2, 3, 4, 5, 6]
				},
				{
					"name": "corners",
					"origin": [-6, 0, -5],
					"color": 0,
					"nbt": "{}",
					"children": [7, 8, 9, 10, 11, 12, 13, 14, 15, 16, 17, 18, 19, 20, 21, 22, 23, 24, 25, 26, 27, 28, 29, 30]
				},
				{
					"name": "item_entrance",
					"origin": [-6, 0, -5],
					"color": 0,
					"nbt": "{}",
					"children": [
						{
							"name": "e_bones",
							"origin": [-6, -4, -5],
							"color": 0,
							"nbt": "{}",
							"children": [
								{
									"name": "bones_right",
									"origin": [-0.5, 11.29672, 1.99288],
									"color": 0,
									"nbt": "{}",
									"children": [31, 32, 33, 34]
								},
								{
									"name": "bones_left",
									"origin": [-0.5, 11.29672, -0.99288],
									"color": 0,
									"nbt": "{}",
									"children": [35, 36, 37, 38]
								}
							]
						},
						{
							"name": "plate",
							"origin": [-6, 0, -5],
							"color": 0,
							"nbt": "{}",
							"children": [39]
						},
						{
							"name": "tentacles",
							"origin": [-6, 3, -5],
							"color": 0,
							"nbt": "{}",
							"children": [
								{
									"name": "ta",
									"origin": [-6, 3, -5],
									"color": 0,
									"nbt": "{}",
									"children": [
										{
											"name": "t1",
											"origin": [2.6, 11, -2.8],
											"color": 0,
											"nbt": "{}",
											"children": [
												{
													"name": "t11",
													"origin": [2.2, 11.55, -2.4],
													"color": 0,
													"nbt": "{}",
													"children": [40]
												},
												{
													"name": "t12",
													"origin": [2.004, 12.65, -2.204],
													"color": 0,
													"nbt": "{}",
													"children": [41]
												},
												{
													"name": "t13",
													"origin": [1.75, 13.65, -2.05],
													"color": 0,
													"nbt": "{}",
													"children": [42]
												},
												{
													"name": "t14",
													"origin": [1.8, 14.3, -2],
													"color": 0,
													"nbt": "{}",
													"children": [43]
												},
												{
													"name": "t15",
													"origin": [1.65, 14.7, -1.85],
													"color": 0,
													"nbt": "{}",
													"children": [44]
												}
											]
										},
										{
											"name": "t2",
											"origin": [-3.6, 11, -2.8],
											"color": 0,
											"nbt": "{}",
											"children": [
												{
													"name": "t21",
													"origin": [-3.22003, 11.55, -2.38998],
													"color": 0,
													"nbt": "{}",
													"children": [45]
												},
												{
													"name": "t22",
													"origin": [-3.12003, 12.65, -2.28998],
													"color": 0,
													"nbt": "{}",
													"children": [46]
												},
												{
													"name": "t23",
													"origin": [-2.97003, 13.65, -2.13998],
													"color": 0,
													"nbt": "{}",
													"children": [47]
												},
												{
													"name": "t24",
													"origin": [-2.82003, 14.3, -1.98998],
													"color": 0,
													"nbt": "{}",
													"children": [48]
												},
												{
													"name": "t25",
													"origin": [-2.67003, 14.7, -1.83998],
													"color": 0,
													"nbt": "{}",
													"children": [49]
												}
											]
										},
										{
											"name": "t3",
											"origin": [2.6, 11, 3.8],
											"color": 0,
											"nbt": "{}",
											"children": [
												{
													"name": "t31",
													"origin": [2.17997, 11.55, 3.41002],
													"color": 0,
													"nbt": "{}",
													"children": [50]
												},
												{
													"name": "t32",
													"origin": [2.07997, 12.65, 3.31002],
													"color": 0,
													"nbt": "{}",
													"children": [51]
												},
												{
													"name": "t33",
													"origin": [1.92997, 13.65, 3.16002],
													"color": 0,
													"nbt": "{}",
													"children": [52]
												},
												{
													"name": "t34",
													"origin": [1.9, 14.3, 2.9],
													"color": 0,
													"nbt": "{}",
													"children": [53]
												},
												{
													"name": "t35",
													"origin": [1.62997, 14.7, 2.86002],
													"color": 0,
													"nbt": "{}",
													"children": [54]
												}
											]
										},
										{
											"name": "t4",
											"origin": [-3.6, 11, 3.8],
											"color": 0,
											"nbt": "{}",
											"children": [
												{
													"name": "t41",
													"origin": [-3.22003, 11.55, 3.41002],
													"color": 0,
													"nbt": "{}",
													"children": [55]
												},
												{
													"name": "t42",
													"origin": [-3.12003, 12.65, 3.31002],
													"color": 0,
													"nbt": "{}",
													"children": [56]
												},
												{
													"name": "t43",
													"origin": [-2.97003, 13.65, 3.16002],
													"color": 0,
													"nbt": "{}",
													"children": [57]
												},
												{
													"name": "t44",
													"origin": [-6, 3, -5],
													"color": 0,
													"nbt": "{}",
													"children": [58]
												},
												{
													"name": "t45",
													"origin": [-2.67003, 14.7, 2.86002],
													"color": 0,
													"nbt": "{}",
													"children": [59]
												}
											]
										}
									]
								}
							]
						}
					]
				},
				{
					"name": "feeding_vein",
					"origin": [-2.77146, 7.23052, 14.5],
					"color": 0,
					"nbt": "{}",
					"children": [
						{
							"name": "v1",
							"origin": [-6, 0, -5],
							"color": 0,
							"nbt": "{}",
							"children": [
								{
									"name": "v11",
									"origin": [-0.50719, 10.44235, 0.5],
									"color": 0,
									"nbt": "{}",
									"children": [60]
								}
							]
						},
						{
							"name": "v2",
							"origin": [-0.46483, 8, 14.5],
							"color": 0,
							"nbt": "{}",
							"children": [
								{
									"name": "v21",
									"origin": [0.36792, 10.05159, 0.5],
									"color": 0,
									"nbt": "{}",
									"children": [61]
								},
								{
									"name": "v22",
									"origin": [-1.38274, 10.05159, 0.5],
									"color": 0,
									"nbt": "{}",
									"children": [62]
								}
							]
						},
						{
							"name": "v3",
							"origin": [-0.46483, 8, 14.5],
							"color": 0,
							"nbt": "{}",
							"children": [
								{
									"name": "v31",
									"origin": [1.3813, 8.94568, 0.5],
									"color": 0,
									"nbt": "{}",
									"children": [63]
								},
								{
									"name": "v32",
									"origin": [-2.39613, 8.94568, 0.5],
									"color": 0,
									"nbt": "{}",
									"children": [64]
								}
							]
						},
						{
							"name": "v4",
							"origin": [-2.77146, 7.23052, 14.5],
							"color": 0,
							"nbt": "{}",
							"children": [
								{
									"name": "v41",
									"origin": [1.75664, 7.98052, 0.5],
									"color": 0,
									"nbt": "{}",
									"children": [65]
								},
								{
									"name": "v42",
									"origin": [-2.77146, 7.98052, 0.5],
									"color": 0,
									"nbt": "{}",
									"children": [66]
								}
							]
						},
						{
							"name": "v5",
							"origin": [-6, 0, -5],
							"color": 0,
							"nbt": "{}",
							"children": [
								{
									"name": "v51",
									"origin": [1.75664, 6.48052, 0.5],
									"color": 0,
									"nbt": "{}",
									"children": [67]
								},
								{
									"name": "v52",
									"origin": [-2.77146, 6.48052, 0.5],
									"color": 0,
									"nbt": "{}",
									"children": [68]
								}
							]
						},
						{
							"name": "v6",
							"origin": [1.55354, 7.23052, 14.5],
							"color": 0,
							"nbt": "{}",
							"children": [
								{
									"name": "v61",
									"origin": [0.59414, 6.23052, 0.5],
									"color": 0,
									"nbt": "{}",
									"children": [69]
								},
								{
									"name": "v62",
									"origin": [-1.60896, 6.23052, 0.5],
									"color": 0,
									"nbt": "{}",
									"children": [70]
								}
							]
						}
					]
				},
				{
					"name": "heart",
					"origin": [-0.5, 6, 0.27386],
					"color": 0,
					"nbt": "{}",
					"children": [71, 72, 73, 74, 75, 76, 77, 78, 79, 80, 81]
				}
			]
		}
	]
}