[
    {
      "function": "minecraft:set_lore",
      "entity": "this",
      "lore": [
        {
            "color": "gray",
            "italic": false,
            "translate": "item.essrpg.relic.newhof.basestats.0"
        },
        {
            "color": "dark_green",
            "italic": false,
            "translate": "item.essrpg.relic.newhof.basestats.1"
        },
        {
            "color": "dark_green",
            "italic": false,
            "translate": "item.essrpg.relic.newhof.basestats.2"
        }
      ],
      "replace": false
    }
  ]