{
  "type": "deeper_dark:deeper_dark",
  "generator": {
    "type": "minecraft:noise",
    "settings": "deeper_dark:deeper_dark",
    "biome_source": {
      "type": "minecraft:multi_noise",
      "biomes": [
        {
          "biome": "deeper_dark:deeper_dark",
          "parameters": {
            "temperature": 0,
            "humidity": 0,
            "continentalness": 0,
            "erosion": [
              -1,
              0
            ],
            "weirdness": 0,
            "depth": [
              -1,
              1
            ],
            "offset": 0
          }
        },
        {
          "biome": "deeper_dark:volcanic_caverns",
          "parameters": {
            "temperature": 0.5,
            "humidity": 0,
            "continentalness": 0,
            "erosion": [
              -1,
              -0.2
            ],
            "weirdness": 0,
            "depth": [
              0,
              1
            ],
            "offset": 0
          }
        },
        {
          "biome": "deeper_dark:amethyst_mines",
          "parameters": {
            "temperature": 0,
            "humidity": 0,
            "continentalness": -1.5,
            "erosion": [
              -1,
              -0.2
            ],
            "weirdness": 0,
            "depth": [
              -1,
              1
            ],
            "offset": 0
          }
        }
      ]
    }
  }
}
