{
    "Minecraft": [
        "ca_es",
        "cs_cz",
        "de_de",
        "en_au",
        "en_ca",
        "en_gb",
        "en_nz",
        "en_pt",
        "en_us",
        "es_ar",
        "es_cl",
        "es_ec",
        "es_es",
        "es_mx",
        "es_uy",
        "es_ve",
        "fi_fi",
        "fr_ca",
        "fr_fr",
        "ga_ie",
        "gl_es",
        "he_il",
        "hi_in",
        "hu_hu",
        "id_id",
        "it_it",
        "ja_jp",
        "kk_kz",
        "ko_kr",
        "lt_lt",
        "lv_lv",
        "mn_mn",
        "ms_my",
        "nl_be",
        "nl_nl",
        "nn_no",
        "no_no",
        "pl_pl",
        "pt_br",
        "pt_pt",
        "ru_ru",
        "sk_sk",
        "sr_sp",
        "sv_se",
        "tr_tr",
        "uk_ua",
        "vi_vn",
        "zh_cn",
        "zh_hk",
        "zh_tw"
    ],
    
    "Alex's Delight": [
        "en_us"
    ],

    "Alex's Mobs": [
        "cs_cz",
        "de_de",
        "en_us",
        "es_ar",
        "es_cl",
        "es_ec",
        "es_es",
        "es_mx",
        "fr_fr",
        "he_il",
        "ja_jp",
        "ko_kr",
        "pl_pl",
        "pt_br",
        "ru_ru",
        "sv_se",
        "uk_ua",
        "vi_vn",
        "zh_cn",
        "zh_hk",
        "zh_tw"
    ],
    
    "Artifacts": [
        "de_de",
        "en_pt",
        "en_us",
        "es_ar",
        "es_cl",
        "es_ec",
        "es_es",
        "es_mx",
        "fr_fr",
        "it_it",
        "ko_kr",
        "pl_pl",
        "pt_br",
        "ru_ru",
        "uk_ua",
        "zh_cn"
    ],

    "Oh The Biomes You'll Go": [
        "en_us",
        "es_ar",
        "es_cl",
        "es_es",
        "es_mx",
        "fr_fr",
        "ja_jp",
        "ko_kr",
        "pt_br",
        "pt_pt",
        "uk_ua",
        "vi_vn",
        "zh_cn"
    ],

    "Farmer's Delight": [
        "ca_es",
        "de_de",
        "en_pt",
        "en_us",
        "es_ar",
        "es_cl",
        "es_ec",
        "es_es",
        "es_mx",
        "es_uy",
        "es_ve",
        "fi_fi",
        "id_id",
        "it_it",
        "ja_jp",
        "ko_kr",
        "nl_be",
        "nl_nl",
        "no_no",
        "pl_pl",
        "pt_br",
        "pt_pt",
        "ru_ru",
        "sk_sk",
        "sr_sp",
        "tr_tr",
        "uk_ua",
        "vi_vn",
        "zh_cn",
        "zh_tw"
    ],

    "Galosphere": [
        "en_pt",
        "en_us",
        "es_ar",
        "es_cl",
        "es_es",
        "es_mx",
        "ja_jp",
        "ru_ru",
        "zh_cn"
    ],

    "Naturalist": [
        "en_us",
        "es_ar",
        "es_cl",
        "es_es",
        "es_mx",
        "id_id",
        "it_it",
        "ko_kr",
        "pt_br",
        "ru_ru",
        "tr_tr",
        "uk_ua",
        "vi_vn",
        "zh_cn",
        "zh_tw"
    ],

    "Supplementaries": [
        "ca_es",
        "cs_cz",
        "de_de",
        "en_gb",
        "en_pt",
        "en_us",
        "es_ar",
        "es_cl",
        "es_es",
        "es_mx",
        "fr_fr",
        "it_it",
        "ja_jp",
        "kk_kz",
        "ko_kr",
        "ms_my",
        "pl_pl",
        "pt_br",
        "pt_pt",
        "ru_ru",
        "sr_sp",
        "tr_tr",
        "uk_ua",
        "vi_vn",
        "zh_cn",
        "zh_tw"
    ]
}