{
    "comment": "dropped by piglins",
    "pools": [
        {
            "rolls": 1,
            "entries": [
                {
                    "type": "minecraft:item",
                    "name": "minecraft:crossbow",
                    "functions": [
                        {
                            "function": "minecraft:set_name",
                            "name": {
                                "color": "white",
                                "bold": true,
                                "italic": true,
                                "translate": "item.essrpg.relic.accelerator"
                            },
                            "entity": "this"
                        },
                        {
                            "function": "minecraft:set_lore",
                            "lore": [
                                {
                                    "translate": "item.essrpg.relic.accelerator.lore.0"
                                },
                                {
                                    "translate": "item.essrpg.relic.accelerator.lore.1"
                                },
                                {
                                    "translate": "item.essrpg.relic.accelerator.lore.2"
                                },
                                {
                                    "translate": "item.essrpg.relic.accelerator.lore.3"
                                },
                                {
                                    "translate": "item.essrpg.relic.accelerator.lore.4"
                                },
                                {
                                    "translate": "item.essrpg.relic.accelerator.lore.5"
                                },
                                {
                                    "translate": "item.essrpg.relic.accelerator.lore.6"
                                },
                                {
                                    "translate": "item.essrpg.relic.accelerator.lore.7"
                                },
                                {
                                    "color": "gray",
                                    "italic": false,
                                    "translate": "item.essrpg.relic.oldgen"
                                },
                                [{
                                  "text": "c ",
                                  "color": "white",
                                  "italic": false,
                                  "font": "erpg:sigicon"
                                },
                                {
                                  "translate": "item.essrpg.packsig",
                                  "color": "gold",
                                  "font": "minecraft:default",
                                  "italic": true
                                }]
                            ],
                            "entity": "this"
                        },
                        {
                            "function": "minecraft:set_nbt",
                            "tag": "{esitem:accelerator,esitemgroup:relicwep,es.bowtag:es.relicbow,Unbreakable:1,HideFlags:1,Enchantments:[{id:\"minecraft:punch\",lvl:3}],es_fightaugs:[0b,0b,20b]}"
                        }
                    ]
                }
            ]
        }
    ]
}