{
    "comment": "dropped by pillagers",
    "pools": [
        {
            "rolls": 1,
            "entries": [
                {
                    "type": "minecraft:item",
                    "name": "minecraft:crossbow",
                    "functions": [
                        {
                            "function": "minecraft:set_name",
                            "entity": "this",
                            "name": {
                                "color": "white",
                                "bold": true,
                                "italic": false,
                                "translate": "item.essrpg.relic.ballista"
                            }
                        },
                        {
                            "function": "minecraft:set_lore",
                            "entity": "this",
                            "lore": [
                                {
                                    "translate": "item.essrpg.relic.ballista.lore.0"
                                },
                                {
                                    "translate": "item.essrpg.relic.ballista.lore.1"
                                },
                                {
                                    "translate": "item.essrpg.relic.ballista.lore.2"
                                },
                                {
                                    "translate": "item.essrpg.relic.ballista.lore.3"
                                },
                                {
                                    "translate": "item.essrpg.relic.ballista.lore.4"
                                },
                                {
                                    "translate": "item.essrpg.relic.ballista.lore.5"
                                },
                                {
                                    "translate": "item.essrpg.relic.ballista.lore.6"
                                },
                                {
                                    "translate": "item.essrpg.relic.ballista.lore.7"
                                },
                                {
                                    "color": "gray",
                                    "italic": false,
                                    "translate": "item.essrpg.relic.oldgen"
                                },
                                [{
                                  "text": "c ",
                                  "color": "white",
                                  "italic": false,
                                  "font": "erpg:sigicon"
                                },
                                {
                                  "translate": "item.essrpg.packsig",
                                  "color": "gold",
                                  "font": "minecraft:default",
                                  "italic": true
                                }]
                            ]
                        },
                        {
                            "function": "minecraft:set_nbt",
                            "tag": "{esitem:ballista,esitemgroup:relicwep,HideFlags:1,RepairCost:50,Unbreakable:1,erpgrelic:ballista,Enchantments:[{id:\"minecraft:multishot\",lvl:1}]}"
                        }
                    ]
                }
            ]
        }
    ]
}