{
    "comment": "drops from blue wisps",
    "pools": [
        {
            "rolls": 1,
            "entries": [
                {
                    "type": "minecraft:item",
                    "name": "minecraft:paper",
                    "functions": [
                        {
                            "function": "minecraft:set_name",
                            "name": {
                                "color": "gold",
                                "italic": true,
                                "translate": "item.essrpg.relic.mark_of_purity"
                            },
                            "entity": "this"
                        },
                        {
                            "function": "minecraft:set_lore",
                            "lore": [
                                {
                                    "translate": "item.essrpg.relic.mark_of_purity.lore.0"
                                },
                                {
                                    "translate": "item.essrpg.relic.mark_of_purity.lore.1"
                                },
                                {
                                    "translate": "item.essrpg.relic.mark_of_purity.lore.2"
                                },
                                {
                                    "translate": "item.essrpg.relic.mark_of_purity.lore.3"
                                },
                                {
                                    "translate": "item.essrpg.relic.mark_of_purity.lore.4"
                                },
                                {
                                    "translate": "item.essrpg.relic.mark_of_purity.lore.5"
                                },
                                {
                                    "translate": "item.essrpg.relic.mark_of_purity.lore.6"
                                },
                                {
                                    "color": "gray",
                                    "italic": false,
                                    "translate": "item.essrpg.relic.oldgen"
                                },
                                [{
                                  "text": "c ",
                                  "color": "white",
                                  "italic": false,
                                  "font": "erpg:sigicon"
                                },
                                {
                                  "translate": "item.essrpg.packsig",
                                  "color": "gold",
                                  "font": "minecraft:default",
                                  "italic": true
                                }]
                            ],
                            "entity": "this"
                        },
                        {
                            "function": "minecraft:set_nbt",
                            "tag": "{esitem:mark_of_purity,es6ticking:mh,esitemgroup:relicutil,CustomModelData:410001}"
                        }
                    ]
                }
            ]
        }
    ]
}