{
    "comment": "dropped by Illus",
    "pools": [
        {
            "rolls": 1,
            "entries": [
                {
                    "type": "minecraft:item",
                    "name": "minecraft:bow",
                    "functions": [
                        {
                            "function": "minecraft:set_nbt",
                            "tag": "{esitem:slipshot,esitemgroup:relicwep,es.bowtag:es.relicbow,Unbreakable:1,Enchantments:[{lvl:2s,id:\"minecraft:punch\"},{lvl:5s,id:\"minecraft:power\"}],HideFlags:1}"
                        },
                        {
                            "function": "minecraft:set_lore",
                            "entity": "this",
                            "lore": [
                                {
                                    "translate": "item.essrpg.relic.slipshot.lore.0"
                                },
                                {
                                    "translate": "item.essrpg.relic.slipshot.lore.1"
                                },
                                {
                                    "translate": "item.essrpg.relic.slipshot.lore.2"
                                },
                                {
                                    "translate": "item.essrpg.relic.slipshot.lore.3"
                                },
                                {
                                    "translate": "item.essrpg.relic.slipshot.lore.4"
                                },
                                {
                                    "translate": "item.essrpg.relic.slipshot.lore.5"
                                },
                                {
                                    "color": "gray",
                                    "italic": false,
                                    "translate": "item.essrpg.relic.oldgen"
                                },
                                [{
                                  "text": "c ",
                                  "color": "white",
                                  "italic": false,
                                  "font": "erpg:sigicon"
                                },
                                {
                                  "translate": "item.essrpg.packsig",
                                  "color": "gold",
                                  "font": "minecraft:default",
                                  "italic": true
                                }]
                            ]
                        },
                        {
                            "function": "minecraft:set_name",
                            "entity": "this",
                            "name": {
                                "color": "dark_purple",
                                "bold": true,
                                "italic": true,
                                "translate": "item.essrpg.relic.slipshot"
                            }
                        }
                    ]
                }
            ]
        }
    ]
}