{
    "comment": "dropped by vexes",
    "pools": [
        {
            "rolls": 1,
            "entries": [
                {
                    "type": "minecraft:item",
                    "name": "minecraft:iron_sword",
                    "functions": [
                        {
                            "function": "minecraft:set_name",
                            "name": {
                                "color": "gray",
                                "bold": true,
                                "italic": false,
                                "translate": "item.essrpg.relic.spectral_rapier"
                            },
                            "entity": "this"
                        },
                        {
                            "function": "minecraft:set_lore",
                            "lore": [
                                {
                                    "translate": "item.essrpg.relic.spectral_rapier.lore.0"
                                },
                                {
                                    "translate": "item.essrpg.relic.spectral_rapier.lore.1"
                                },
                                {
                                    "translate": "item.essrpg.relic.spectral_rapier.lore.2"
                                },
                                {
                                    "color": "gray",
                                    "italic": false,
                                    "translate": "item.essrpg.relic.oldgen"
                                },
                                [{
                                  "text": "c ",
                                  "color": "white",
                                  "italic": false,
                                  "font": "erpg:sigicon"
                                },
                                {
                                  "translate": "item.essrpg.packsig",
                                  "color": "gold",
                                  "font": "minecraft:default",
                                  "italic": true
                                }]
                            ],
                            "entity": "this"
                        },
                        {
                            "function": "minecraft:set_attributes",
                            "modifiers": [
                                {
                                    "attribute": "generic.max_health",
                                    "name": "generic.max_health",
                                    "amount": -0.5,
                                    "operation": "multiply_base",
                                    "slot": [
                                        "mainhand"
                                    ]
                                },
                                {
                                    "attribute": "generic.movement_speed",
                                    "name": "generic.movement_speed",
                                    "amount": 0.6,
                                    "operation": "multiply_base",
                                    "slot": [
                                        "mainhand"
                                    ]
                                }
                            ]
                        },
                        {
                            "function": "minecraft:set_nbt",
                            "tag": "{esitem:spectralrapier,es6ticking:mh,esitemgroup:relicutil,Unbreakable:1,HideFlags:1,Enchantments:[{id:\"minecraft:sharpness\",lvl:4},{id:\"minecraft:vanishing_curse\",lvl:1}]}"
                        }
                    ]
                }
            ]
        }
    ]
}