{
    "comment": "dropped from strays",
    "pools": [
        {
            "rolls": 1,
            "entries": [
                {
                    "type": "minecraft:item",
                    "name": "minecraft:leather_boots",
                    "weight": 1,
                    "functions": [
                        {
                            "function": "minecraft:set_nbt",
                            "tag": "{esitem:walkers,esitemgroup:relicarmor,Unbreakable:1,HideFlags:0,Enchantments:[{id:\"minecraft:protection\",lvl:4},{id:\"minecraft:feather_falling\",lvl:8},{id:\"minecraft:depth_strider\",lvl:5}],es_fightaugs:[12b,12b,12b]}"
                        },
                        {
                            "function": "minecraft:set_name",
                            "name": {
                                "color": "light_blue",
                                "bold": false,
                                "italic": true,
                                "translate": "item.essrpg.relic.walkers"
                            },
                            "entity": "this"
                        },
                        {
                            "function": "minecraft:set_lore",
                            "lore": [
                                {
                                    "color": "gray",
                                    "translate": "item.essrpg.relic.walkers.lore.0"
                                },
                                {
                                    "color": "red",
                                    "italic": false,
                                    "translate": "item.essrpg.relic.walkers.lore.1"
                                },
                                {
                                    "color": "gray",
                                    "italic": false,
                                    "translate": "item.essrpg.relic.oldgen"
                                },
                                [{
                                  "text": "c ",
                                  "color": "white",
                                  "italic": false,
                                  "font": "erpg:sigicon"
                                },
                                {
                                  "translate": "item.essrpg.packsig",
                                  "color": "gold",
                                  "font": "minecraft:default",
                                  "italic": true
                                }]
                            ],
                            "entity": "this"
                        },
                        {
                            "function": "minecraft:set_attributes",
                            "modifiers": [
                                {
                                    "attribute": "generic.movement_speed",
                                    "name": "generic.movement_speed",
                                    "amount": 0.3,
                                    "operation": "multiply_total",
                                    "slot": [
                                        "feet"
                                    ]
                                },
                                {
                                    "attribute": "generic.max_health",
                                    "name": "generic.max_health",
                                    "amount": -0.125,
                                    "operation": "multiply_total",
                                    "slot": [
                                        "feet"
                                    ]
                                }
                            ]
                        }
                    ]
                }
            ]
        }
    ]
}