{
  "feature": {
    "type": "minecraft:large_dripstone",
    "config": {
      "floor_to_ceiling_search_range": 30,
      "column_radius": {
        "type": "minecraft:uniform",
        "value": {
          "min_inclusive": 1,
          "max_inclusive": 5
        }
      },
      "height_scale": 0.7,
      "max_column_radius_to_cave_height_ratio": 1,
      "stalactite_bluntness": 0.5,
      "stalagmite_bluntness": 0.5,
      "wind_speed": {
        "type": "minecraft:uniform",
        "value": {
          "min_inclusive": 0,
          "max_exclusive": 1
        }
      },
      "min_radius_for_wind": 0,
      "min_bluntness_for_wind": 0
    }
  },
  "placement": [
    {
      "type": "minecraft:count",
      "count": 48
    },
    {
      "type": "minecraft:in_square"
    },
    {
      "type": "minecraft:height_range",
      "height": {
        "type": "minecraft:uniform",
        "min_inclusive": {
          "above_bottom": 0
        },
        "max_inclusive": {
          "below_top": 0
        }
      }
    },
    {
      "type": "minecraft:biome"
    }
  ]
}
