{
  "type": "minecraft:random_selector",
  "config": {
    "default": "minecraft:birch_bees_0002",
    "features": [
      {
        "chance": 0.2,
        "feature": "minecraft:birch_alt_bees_0002"
      },
      {
        "chance": 0.4,
        "feature": "minecraft:super_birch_bees_0002"
      },
      {
        "chance": 0.1,
        "feature": "minecraft:super_birch_alt_bees_0002"
      },
      {
        "chance": 0.25,
        "feature": "minecraft:fancy_birch_bees_0002"
      },
      {
        "chance": 0.1,
        "feature": "minecraft:fancy_birch_alt_bees_0002"
      },
      {
        "chance": 0.05,
        "feature": "minecraft:giant_birch_bees_0002"
      },
      {
        "chance": 0.025,
        "feature": "minecraft:giant_birch_alt_bees_0002"
      }
    ]
  }
}