{
  "type": "minecraft:waterlogged_vegetation_patch",
  "config": {
    "depth": 3,
    "extra_bottom_block_chance": 0.8,
    "extra_edge_column_chance": 0.7,
    "ground_state": {
      "type": "minecraft:simple_state_provider",
      "state": {
        "Name": "minecraft:sand"
      }
    },
    "replaceable": "#minecraft:sculk_replaceable",
    "surface": "floor",
    "vegetation_chance": 0.05,
    "vegetation_feature": {
      "feature": "minecraft:small_dripleaf",
      "placement": []
    },
    "vertical_range": 4,
    "xz_radius": {
      "type": "minecraft:uniform",
      "value": {
        "max_inclusive": 5,
        "min_inclusive": 3
      }
    }
  }
}