{
  "type": "minecraft:simple_block",
  "config": {
    "to_place": {
      "type": "minecraft:weighted_state_provider",
      "entries": [
        {
          "data": {
            "Name": "minecraft:nether_sprouts"
          },
          "weight": 5
        },
        {
          "data": {
            "Name": "minecraft:white_tulip"
          },
          "weight": 2
        },
        {
          "data": {
            "Name": "minecraft:fern"
          },
          "weight": 10
        },
        {
          "data": {
            "Name": "minecraft:grass"
          },
          "weight": 75
        }
      ]
    }
  }
}