{
  "type": "minecraft:nether_forest_vegetation",
  "config": {
    "spread_height": 1,
    "spread_width": 3,
    "state_provider": {
      "type": "minecraft:weighted_state_provider",
      "entries": [
        {
          "data": {
            "Name": "minecraft:crimson_roots"
          },
          "weight": 85
        },
        {
          "data": {
            "Name": "minecraft:crimson_fungus"
          },
          "weight": 16
        },
        {
          "data": {
            "Name": "minecraft:warped_fungus"
          },
          "weight": 1
        },
        {
          "data": {
            "Name": "minecraft:dead_fire_coral",
             "Properties": {
              "waterlogged": "false"
            }
          },
          "weight": 6
        },
        {
          "data": {
            "Name": "minecraft:dead_fire_coral_fan",
             "Properties": {
              "waterlogged": "false"
            }
          },
          "weight": 9
        }
      ]
    }
  }
}