{
  "type": "minecraft:random_selector",
  "config": {
    "default": "minecraft:oak_checked",
    "features": [
      {
        "chance": 0.025,
        "feature": {
          "feature": "minecraft:huge_brown_mushroom",
          "placement": []
        }
      },
      {
        "chance": 0.05,
        "feature": {
          "feature": "minecraft:huge_red_mushroom",
          "placement": []
        }
      },
      {
        "chance": 0.6666667,
        "feature": "minecraft:dark_oak_checked"
      },
      {
        "chance": 0.2,
        "feature": "minecraft:small_dark_oak_checked"
      },
      {
        "chance": 0.05,
        "feature": "minecraft:giant_oak_checked"
      },
      {
        "chance": 0.1,
        "feature": "minecraft:fancy_oak_checked"
      },
      {
        "chance": 0.1,
        "feature": "minecraft:fancy_dark_oak_checked"
      }
    ]
  }
}