{
  "type": "minecraft:random_selector",
  "config": {
    "features": [],
    "default": {
      "feature": {
        "type": "minecraft:disk",
        "config": {
          "half_height": 0,
          "radius": 1,
          "state_provider": {
            "fallback": {
              "type": "minecraft:simple_state_provider",
              "state": {
                "Name": "minecraft:terracotta"
              }
            },
            "rules": []
          },
          "target": {
            "type": "minecraft:matching_blocks",
            "blocks": [
              "minecraft:gravel",
              "minecraft:sand",
              "minecraft:dirt",
              "minecraft:grass_block",
              "minecraft:mud",
              "minecraft:packed_mud",
              "minecraft:stone",
              "minecraft:diorite",
              "minecraft:andesite",
              "minecraft:granite",
              "minecraft:dead_tube_coral",
              "minecraft:dead_horn_coral",
              "minecraft:dead_fire_coral",
              "minecraft:dead_bubble_coral",
              "minecraft:dead_brain_coral"
            ]
          }
        }
      },
      "placement": [
        {
          "type": "minecraft:block_predicate_filter",
          "predicate": {
            "type": "minecraft:matching_fluids",
            "fluids": "minecraft:water"
          }
        }
      ]
    }
  }
}
