{
  "type": "minecraft:random_selector",
  "config": {
    "default": {
      "feature": "minecraft:driftwood_oak",
      "placement": []
    },
    "features": [
      {
        "chance": 0.3,
        "feature": {
          "feature": "minecraft:driftwood_birch",
          "placement": []
        }
      },
      {
        "chance": 0.3,
        "feature": {
          "feature": "minecraft:driftwood_spruce",
          "placement": []
        }
      },
      {
        "chance": 0.1,
        "feature": {
          "feature": "minecraft:driftwood_acacia",
          "placement": []
        }
      },
      {
        "chance": 0.1,
        "feature": {
          "feature": "minecraft:driftwood_dark_oak",
          "placement": []
        }
      },
      {
        "chance": 0.1,
        "feature": {
          "feature": "minecraft:driftwood_mangrove",
          "placement": []
        }
      },
      {
        "chance": 0.2,
        "feature": {
          "feature": "minecraft:driftwood_jungle",
          "placement": []
        }
      }
    ]
  }
}