{
  "type": "minecraft:simple_random_selector",
  "config": {
    "features": [
      {
        "feature": {
          "type": "minecraft:block_column",
          "config": {
            "allowed_placement": {
              "type": "minecraft:matching_blocks",
              "blocks": [
                "minecraft:air",
                "minecraft:water"
              ]
            },
            "direction": "up",
            "layers": [
              {
                "height": 1,
                "provider": {
                  "type": "minecraft:simple_state_provider",
                  "state": {
                    "Name": "minecraft:pointed_dripstone",
                    "Properties": {
                      "thickness": "tip",
                      "vertical_direction": "up",
                      "waterlogged": "false"
                    }
                  }
                }
              }
            ],
            "prioritize_tip": true
          }
        },
        "placement": []
      },
      {
        "feature": {
          "type": "minecraft:block_column",
          "config": {
            "allowed_placement": {
              "type": "minecraft:matching_blocks",
              "blocks": [
                "minecraft:air",
                "minecraft:water"
              ]
            },
            "direction": "up",
            "layers": [
              {
                "height": 1,
                "provider": {
                  "type": "minecraft:simple_state_provider",
                  "state": {
                    "Name": "minecraft:pointed_dripstone",
                    "Properties": {
                      "thickness": "frustum",
                      "vertical_direction": "up",
                      "waterlogged": "false"
                    }
                  }
                }
              },
              {
                "height": 1,
                "provider": {
                  "type": "minecraft:simple_state_provider",
                  "state": {
                    "Name": "minecraft:pointed_dripstone",
                    "Properties": {
                      "thickness": "tip",
                      "vertical_direction": "up",
                      "waterlogged": "false"
                    }
                  }
                }
              }
            ],
            "prioritize_tip": true
          }
        },
        "placement": []
      },
      {
        "feature": {
          "type": "minecraft:block_column",
          "config": {
            "allowed_placement": {
              "type": "minecraft:matching_blocks",
              "blocks": [
                "minecraft:air",
                "minecraft:water"
              ]
            },
            "direction": "up",
            "layers": [
              {
                "height": 1,
                "provider": {
                  "type": "minecraft:simple_state_provider",
                  "state": {
                    "Name": "minecraft:pointed_dripstone",
                    "Properties": {
                      "thickness": "base",
                      "vertical_direction": "up",
                      "waterlogged": "false"
                    }
                  }
                }
              },
              {
                "height": 1,
                "provider": {
                  "type": "minecraft:simple_state_provider",
                  "state": {
                    "Name": "minecraft:pointed_dripstone",
                    "Properties": {
                      "thickness": "frustum",
                      "vertical_direction": "up",
                      "waterlogged": "false"
                    }
                  }
                }
              },
              {
                "height": 1,
                "provider": {
                  "type": "minecraft:simple_state_provider",
                  "state": {
                    "Name": "minecraft:pointed_dripstone",
                    "Properties": {
                      "thickness": "tip",
                      "vertical_direction": "up",
                      "waterlogged": "false"
                    }
                  }
                }
              }
            ],
            "prioritize_tip": true
          }
        },
        "placement": []
      },
      {
        "feature": {
          "type": "minecraft:block_column",
          "config": {
            "allowed_placement": {
              "type": "minecraft:matching_blocks",
              "blocks": [
                "minecraft:air",
                "minecraft:water"
              ]
            },
            "direction": "up",
            "layers": [
              {
                "height": 1,
                "provider": {
                  "type": "minecraft:simple_state_provider",
                  "state": {
                    "Name": "minecraft:pointed_dripstone",
                    "Properties": {
                      "thickness": "base",
                      "vertical_direction": "up",
                      "waterlogged": "false"
                    }
                  }
                }
              },
              {
                "height": {
                  "type": "minecraft:weighted_list",
                  "distribution": [
                    {
                      "data": {
                        "type": "minecraft:uniform",
                        "value": {
                          "max_inclusive": 3,
                          "min_inclusive": 1
                        }
                      },
                      "weight": 2
                    },
                    {
                      "data": 1,
                      "weight": 1
                    }
                  ]
                },
                "provider": {
                  "type": "minecraft:simple_state_provider",
                  "state": {
                    "Name": "minecraft:pointed_dripstone",
                    "Properties": {
                      "thickness": "middle",
                      "vertical_direction": "up",
                      "waterlogged": "false"
                    }
                  }
                }
              },
              {
                "height": 1,
                "provider": {
                  "type": "minecraft:simple_state_provider",
                  "state": {
                    "Name": "minecraft:pointed_dripstone",
                    "Properties": {
                      "thickness": "frustum",
                      "vertical_direction": "up",
                      "waterlogged": "false"
                    }
                  }
                }
              },
              {
                "height": 1,
                "provider": {
                  "type": "minecraft:simple_state_provider",
                  "state": {
                    "Name": "minecraft:pointed_dripstone",
                    "Properties": {
                      "thickness": "tip",
                      "vertical_direction": "up",
                      "waterlogged": "false"
                    }
                  }
                }
              }
            ],
            "prioritize_tip": true
          }
        },
        "placement": []
      }
    ]
  }
}