{
  "type": "minecraft:vegetation_patch",
  "config": {
    "depth": 3,
    "extra_bottom_block_chance": 0.8,
    "extra_edge_column_chance": 0.7,
    "ground_state": {
      "type": "minecraft:simple_state_provider",
      "state": {
        "Name": "minecraft:tuff"
      }
    },
    "replaceable": "#minecraft:base_stone_end",
    "surface": "floor",
    "vegetation_chance": 0.1,
    "vegetation_feature": {
      "feature": "minecraft:dripstone",
      "placement": []
    },
    "vertical_range": 2,
    "xz_radius": {
      "type": "minecraft:uniform",
      "value": {
        "max_inclusive": 7,
        "min_inclusive": 4
      }
    }
  }
}