{
  "type": "minecraft:tree",
  "config": {
    "decorators": [],
    "dirt_provider": {
      "type": "minecraft:simple_state_provider",
      "state": {
        "Name": "minecraft:snow_block"
      }
    },
    "foliage_placer": {
      "type": "minecraft:fancy_foliage_placer",
      "height": 4,
      "offset": 4,
      "radius": 2
    },
    "foliage_provider": {
      "type": "minecraft:simple_state_provider",
      "state": {
        "Name": "minecraft:air",
        "Properties": {
          "distance": "7",
          "persistent": "false",
          "waterlogged": "false"
        }
      }
    },
    "force_dirt": false,
    "ignore_vines": true,
    "minimum_size": {
      "type": "minecraft:two_layers_feature_size",
      "limit": 0,
      "lower_size": 0,
      "min_clipped_height": 4,
      "upper_size": 0
    },
    "trunk_placer": {
      "type": "minecraft:upwards_branching_trunk_placer",
      "base_height": 5,
      "can_grow_through": "#minecraft:mangrove_logs_can_grow_through",
      "extra_branch_length": {
        "type": "minecraft:uniform",
        "value": {
          "max_inclusive": 1,
          "min_inclusive": 0
        }
      },
      "extra_branch_steps": {
        "type": "minecraft:uniform",
        "value": {
          "max_inclusive": 4,
          "min_inclusive": 1
        }
      },
      "height_rand_a": 2,
      "height_rand_b": 5,
      "place_branch_per_log_probability": 0.35
    },
    "trunk_provider": {
      "type": "minecraft:simple_state_provider",
      "state": {
        "Name": "minecraft:birch_wood",
        "Properties": {
          "axis": "y"
        }
      }
    }
  }
}