{
  "type": "minecraft:tree",
  "config": {
    "decorators": [
      {
        "type": "minecraft:attached_to_leaves",
        "block_provider": {
          "type": "minecraft:simple_state_provider",
          "state": {
              "Name": "minecraft:cave_vines",
              "Properties": {
                "age": "25",
                "berries": "false"
              }
          }
        },
        "directions": [
          "down"
        ],
        "exclusion_radius_xz": 1,
        "exclusion_radius_y": 0,
        "probability": 0.25,
        "required_empty_blocks": 1
      },
      {
        "type": "minecraft:beehive",
        "probability": 0.02
      }
    ],
    "dirt_provider": {
      "type": "minecraft:simple_state_provider",
      "state": {
        "Name": "minecraft:rooted_dirt"
      }
    },
    "foliage_placer": {
      "type": "minecraft:random_spread_foliage_placer",
      "foliage_height": 2,
      "leaf_placement_attempts": 60,
      "offset": 0,
      "radius": 3
    },
    "foliage_provider": {
      "type": "minecraft:weighted_state_provider",
      "entries": [
        {
          "data": {
            "Name": "minecraft:azalea_leaves",
            "Properties": {
              "distance": "7",
              "persistent": "false",
              "waterlogged": "false"
            }
          },
          "weight": 3
        },
        {
          "data": {
            "Name": "minecraft:flowering_azalea_leaves",
            "Properties": {
              "distance": "7",
              "persistent": "false",
              "waterlogged": "false"
            }
          },
          "weight": 1
        }
      ]
    },
    "force_dirt": false,
    "ignore_vines": true,
    "minimum_size": {
      "type": "minecraft:two_layers_feature_size",
      "limit": 1,
      "lower_size": 0,
      "upper_size": 2
    },
    "trunk_placer": {
      "type": "minecraft:forking_trunk_placer",
      "base_height": 4,
      "height_rand_a": 2,
      "height_rand_b": 1
    },
    "trunk_provider": {
      "type": "minecraft:simple_state_provider",
      "state": {
        "Name": "minecraft:oak_log",
        "Properties": {
          "axis": "y"
        }
      }
    }
  }
}