{
  "type": "minecraft:lake",
  "config": {
    "barrier": {
      "type": "minecraft:weighted_state_provider",
      "entries": [
        {
          "data": {
            "Name": "minecraft:tuff"
          },
          "weight": 1
        },
        {
          "data": {
            "Name": "minecraft:andesite"
          },
          "weight": 1
        }
      ]
    },
    "fluid": {
      "type": "minecraft:simple_state_provider",
      "state": {
        "Name": "minecraft:water",
        "Properties": {
          "level": "0"
        }
      }
    }
  }
}