{
  "type": "minecraft:tree",
  "config": {
    "decorators": [
      {
        "type": "minecraft:alter_ground",
        "provider": {
          "type": "minecraft:simple_state_provider",
          "state": {
            "Name": "minecraft:podzol",
            "Properties": {
              "snowy": "false"
            }
          }
        }
      }
    ],
    "dirt_provider": {
      "type": "minecraft:simple_state_provider",
      "state": {
        "Name": "minecraft:rooted_dirt"
      }
    },
    "foliage_placer": {
      "type": "minecraft:mega_pine_foliage_placer",
      "crown_height": {
        "type": "minecraft:uniform",
        "value": {
          "max_inclusive": 7,
          "min_inclusive": 3
        }
      },
      "offset": 0,
      "radius": 0
    },
    "foliage_provider": {
      "type": "minecraft:simple_state_provider",
      "state": {
        "Name": "minecraft:acacia_leaves",
        "Properties": {
          "distance": "7",
          "persistent": "false",
          "waterlogged": "false"
        }
      }
    },
    "force_dirt": false,
    "ignore_vines": false,
    "minimum_size": {
      "type": "minecraft:two_layers_feature_size",
      "limit": 1,
      "lower_size": 1,
      "upper_size": 2
    },
    "trunk_placer": {
      "type": "minecraft:giant_trunk_placer",
      "base_height": 13,
      "height_rand_a": 2,
      "height_rand_b": 14
    },
    "trunk_provider": {
      "type": "minecraft:simple_state_provider",
      "state": {
        "Name": "minecraft:acacia_log",
        "Properties": {
          "axis": "y"
        }
      }
    }
  }
}