{
  "type": "minecraft:random_selector",
  "config": {
    "default": "minecraft:red_mushroom_tree",
    "features": [
      {
        "chance": 0.35,
        "feature": {
          "feature": "minecraft:huge_brown_mushroom",
          "placement": []
        }
      },
      {
        "chance": 0.5,
        "feature": {
          "feature": "minecraft:huge_red_mushroom",
          "placement": []
        }
      },
      {
        "chance": 0.2,
        "feature": "minecraft:brown_mushroom_tree"
      }
    ]
  }
}