{
  "type": "minecraft:vegetation_patch",
  "config": {
    "depth": {
      "type": "minecraft:uniform",
      "value": {
        "max_inclusive": 2,
        "min_inclusive": 1
      }
    },
    "extra_bottom_block_chance": 0.0,
    "extra_edge_column_chance": 0.3,
    "ground_state": {
      "type": "minecraft:simple_state_provider",
      "state": {
        "Name": "minecraft:chiseled_stone_bricks"
      }
    },
    "replaceable": "#minecraft:base_stone_nether",
    "surface": "ceiling",
    "vegetation_chance": 0.1,
    "vegetation_feature": {
      "feature": "minecraft:dripstone_ceiling",
      "placement": []
    },
    "vertical_range": 5,
    "xz_radius": {
      "type": "minecraft:uniform",
      "value": {
        "max_inclusive": 7,
        "min_inclusive": 4
      }
    }
  }
}