{
  "type": "minecraft:ore",
  "config": {
    "discard_chance_on_air_exposure": 0.2,
    "size": 33,
    "targets": [
      {
        "state": {
          "Name": "minecraft:infested_deepslate"
        },
        "target": {
          "predicate_type": "minecraft:tag_match",
          "tag": "minecraft:stone_ore_replaceables"
        }
      },
      {
        "state": {
          "Name": "minecraft:infested_deepslate",
          "Properties": {
            "axis": "y"
          }
        },
        "target": {
          "predicate_type": "minecraft:tag_match",
          "tag": "minecraft:deepslate_ore_replaceables"
        }
      }
    ]
  }
}