{
  "type": "minecraft:random_patch",
  "config": {
    "feature": {
      "feature": {
        "type": "minecraft:simple_block",
        "config": {
          "to_place": {
            "type": "minecraft:weighted_state_provider",
            "entries": [
              {
                "data": {
                  "Name": "minecraft:small_dripleaf",
                    "Properties": {
                      "facing": "east",
                      "half": "lower"
                    }
                },
                "weight": 1
              },
              {
                "data": {
                  "Name": "minecraft:small_dripleaf",
                    "Properties": {
                      "facing": "north",
                      "half": "lower"
                    }
                },
                "weight": 1
              },
              {
                "data": {
                  "Name": "minecraft:small_dripleaf",
                    "Properties": {
                      "facing": "south",
                      "half": "lower"
                    }
                },
                "weight": 1
              },
              {
                "data": {
                  "Name": "minecraft:small_dripleaf",
                    "Properties": {
                      "facing": "west",
                      "half": "lower"
                    }
                },
                "weight": 1
              }
            ]
          }
        }
      },
      "placement": [
        {
          "type": "minecraft:block_predicate_filter",
          "predicate": {
            "type": "minecraft:matching_blocks",
            "blocks": "minecraft:water"
          }
        }
      ]
    },
    "tries": 64,
    "xz_spread": 7,
    "y_spread": 3
  }
}