{
  "type": "minecraft:random_patch",
  "config": {
    "feature": {
      "feature": {
        "type": "minecraft:simple_block",
        "config": {
          "to_place": {
            "type": "minecraft:weighted_state_provider",
            "entries": [
              {
                "data": {
                  "Name": "minecraft:dead_bubble_coral",
                  "Properties": {
                  "waterlogged": "true"
                  }
                },
                "weight": 8
              },
              {
                "data": {
                  "Name": "minecraft:dead_bubble_coral_fan",
                  "Properties": {
                  "waterlogged": "true"
                  }
                },
                "weight": 5
              },
              {
                "data": {
                  "Name": "minecraft:dead_horn_coral",
                  "Properties": {
                  "waterlogged": "true"
                  }
                },
                "weight": 1
              },
              {
                "data": {
                  "Name": "minecraft:dead_horn_coral_fan",
                  "Properties": {
                  "waterlogged": "true"
                  }
                },
                "weight": 3
              },
              {
                "data": {
                  "Name": "minecraft:dead_brain_coral_fan",
                  "Properties": {
                  "waterlogged": "true"
                  }
                },
                "weight": 2
              }
            ]
          }
        }
      },
      "placement": [
        {
          "type": "minecraft:block_predicate_filter",
          "predicate": {
            "type": "minecraft:matching_blocks",
            "blocks": "minecraft:water"
          }
        }
      ]
    },
    "tries": 32,
    "xz_spread": 7,
    "y_spread": 3
  }
}