{
  "type": "minecraft:fishing",
  "pools": [
    {
      "rolls": 1,
      "bonus_rolls": 0,
      "entries": [
        {
          "type": "minecraft:item",
          "weight": 17,
          "name": "minecraft:lily_pad"
        },
        {
          "type": "minecraft:item",
          "weight": 10,
          "name": "minecraft:leather_boots",
          "functions": [
            {
              "function": "minecraft:set_damage",
              "damage": {
                "type": "minecraft:uniform",
                "min": 0,
                "max": 0.9
              },
              "add": false
            }
          ]
        },
        {
          "type": "minecraft:item",
          "weight": 10,
          "name": "minecraft:leather"
        },
        {
          "type": "minecraft:item",
          "weight": 10,
          "name": "minecraft:bone"
        },
        {
          "type": "minecraft:item",
          "weight": 10,
          "name": "minecraft:potion",
          "functions": [
            {
              "function": "minecraft:set_potion",
              "id": "minecraft:water"
            }
          ]
        },
        {
          "type": "minecraft:item",
          "weight": 5,
          "name": "minecraft:string"
        },
        {
          "type": "minecraft:item",
          "weight": 2,
          "name": "minecraft:fishing_rod",
          "functions": [
            {
              "function": "minecraft:set_damage",
              "damage": {
                "type": "minecraft:uniform",
                "min": 0,
                "max": 0.9
              },
              "add": false
            }
          ]
        },
        {
          "type": "minecraft:item",
          "weight": 10,
          "name": "minecraft:bowl"
        },
        {
          "type": "minecraft:item",
          "weight": 5,
          "name": "minecraft:stick"
        },
        {
          "type": "minecraft:item",
          "name": "minecraft:ink_sac",
          "functions": [
            {
              "function": "minecraft:set_count",
              "count": 10,
              "add": false
            }
          ]
        },
        {
          "type": "minecraft:item",
          "weight": 10,
          "name": "minecraft:tripwire_hook"
        },
        {
          "type": "minecraft:item",
          "weight": 10,
          "name": "minecraft:rotten_flesh"
        },
        {
          "type": "minecraft:item",
          "weight": 10,
          "name": "minecraft:bamboo"
        }
      ]
    },
    {
      "rolls": 1,
      "entries": [
        {
          "type": "minecraft:item",
          "name": "minecraft:stone",
          "functions": [
            {
              "function": "minecraft:set_enchantments",
              "enchantments": {"aqua_affinity":1}
            }
          ]
        }
      ],
      "conditions": [
        {
          "condition": "minecraft:location_check",
          "predicate": {
            "light": {
              "light": 0
            }
          }
        }
      ]
    }
  ],
  "random_sequence": "minecraft:gameplay/fishing/junk"
}