{
	"type": "minecraft:block",
	"pools": [
		{
			"rolls": 1,
			"entries": [
				{
					"type": "minecraft:item",
					"name": "minecraft:cake",
					"conditions": [
						{
							"condition": "minecraft:match_tool",
							"predicate": {
								"enchantments": [
									{
										"enchantment": "minecraft:silk_touch",
										"levels": {
											"min": 1
										}
									}
								]
							}
						}
					],
					"functions": [
						{
							"function": "minecraft:copy_state",
							"block": "minecraft:cake",
							"properties": [
								"bites"
							]
						}
					]
				}
			]
		}
	],
	"random_sequence": "minecraft:blocks/cake"
  }
