{
  "type": "minecraft:block",
  "pools": [
    {
      "rolls": 1,
      "entries": [
        {
          "type": "minecraft:item",
          "name": "minecraft:respawn_anchor"
        }
      ],
      "conditions": [
        {
          "condition": "minecraft:survives_explosion"
        }
      ],
      "functions": [
        {
          "function": "minecraft:copy_state",
          "block": "minecraft:respawn_anchor",
          "properties": ["charges"],
          "conditions": [
            {
              "condition": "minecraft:match_tool",
              "predicate": {
                "enchantments": [
                  {
                    "enchantment": "minecraft:silk_touch"
                  }
                ]
              }
            }
          ]
        }
      ]
    }
  ],
  "random_sequence": "minecraft:blocks/respawn_anchor"
}
