{
    "comment": "dropped by wither skeletons",
    "pools": [
        {
            "rolls": 1,
            "entries": [
                {
                    "type": "minecraft:item",
                    "name": "minecraft:shield",
                    "functions": [
                        {
                            "function": "minecraft:set_name",
                            "name": {
                                "color": "dark_red",
                                "bold": true,
                                "italic": true,
                                "translate": "item.essrpg.relic.bash"
                            },
                            "entity": "this"
                        },
                        {
                            "function": "minecraft:set_lore",
                            "lore": [
                                {
                                    "translate": "item.essrpg.relic.bash.lore.0"
                                },
                                {
                                    "translate": "item.essrpg.relic.bash.lore.1"
                                },
                                {
                                    "translate": "item.essrpg.relic.bash.lore.2"
                                },
                                {
                                    "translate": "item.essrpg.relic.bash.lore.3"
                                },
                                {
                                    "color": "gray",
                                    "italic": false,
                                    "translate": "item.essrpg.relic.oldgen"
                                },
                                [{
                                  "text": "c ",
                                  "color": "white",
                                  "italic": false,
                                  "font": "erpg:sigicon"
                                },
                                {
                                  "translate": "item.essrpg.packsig",
                                  "color": "gold",
                                  "font": "minecraft:default",
                                  "italic": true
                                }]
                            ],
                            "entity": "this"
                        },
                        {
                            "function": "minecraft:set_attributes",
                            "modifiers": [
                                {
                                    "attribute": "generic.attack_damage",
                                    "name": "generic.attack_damage",
                                    "amount": 5,
                                    "operation": "addition",
                                    "slot": [
                                        "mainhand"
                                    ]
                                },
                                {
                                    "attribute": "generic.attack_speed",
                                    "name": "generic.attack_speed",
                                    "amount": -2.8,
                                    "operation": "addition",
                                    "slot": [
                                        "mainhand"
                                    ]
                                }
                            ]
                        },
                        {
                            "function": "minecraft:set_nbt",
                            "tag": "{esitem:bash,esitemgroup:relicwep,HideFlags:1,Unbreakable:1,Enchantments:[{id:\"minecraft:protection\",lvl:3},{id:\"minecraft:knockback\",lvl:2}]}"
                        }
                    ]
                }
            ]
        }
    ]
}