{
    "comment": "dropped by blazes",
    "pools": [
        {
            "rolls": 1,
            "entries": [
                {
                    "type": "minecraft:item",
                    "name": "minecraft:blaze_rod",
                    "functions": [
                        {
                            "function": "minecraft:set_nbt",
                            "tag": "{esitem:bold,esitemgroup:relicwep}"
                        },
                        {
                            "function": "minecraft:set_name",
                            "entity": "this",
                            "name": {
                                "color": "gold",
                                "bold": false,
                                "italic": false,
                                "translate": "item.essrpg.relic.bold"
                            }
                        },
                        {
                            "function": "minecraft:set_lore",
                            "entity": "this",
                            "lore": [
                                {
                                    "translate": "item.essrpg.relic.bold.lore.0"
                                },
                                {
                                    "translate": "item.essrpg.relic.bold.lore.1"
                                },
                                {
                                    "translate": "item.essrpg.relic.bold.lore.2"
                                },
                                {
                                    "color": "gray",
                                    "italic": false,
                                    "translate": "item.essrpg.relic.oldgen"
                                },
                                [{
                                  "text": "c ",
                                  "color": "white",
                                  "italic": false,
                                  "font": "erpg:sigicon"
                                },
                                {
                                  "translate": "item.essrpg.packsig",
                                  "color": "gold",
                                  "font": "minecraft:default",
                                  "italic": true
                                }]
                            ]
                        },
                        {
                            "function": "minecraft:set_attributes",
                            "modifiers": [
                                {
                                    "attribute": "minecraft:generic.attack_damage",
                                    "name": "generic.attack_damage",
                                    "amount": 7,
                                    "operation": "addition",
                                    "slot": [
                                        "mainhand"
                                    ]
                                },
                                {
                                    "attribute": "minecraft:generic.attack_speed",
                                    "name": "generic.attack_speed",
                                    "amount": -1.8,
                                    "operation": "addition",
                                    "slot": [
                                        "mainhand"
                                    ]
                                },
                                {
                                    "attribute": "minecraft:generic.attack_damage",
                                    "name": "generic.attack_damage",
                                    "amount": 3,
                                    "operation": "addition",
                                    "slot": [
                                        "offhand"
                                    ]
                                },
                                {
                                    "attribute": "minecraft:generic.attack_speed",
                                    "name": "generic.attack_speed",
                                    "amount": 0.225,
                                    "operation": "multiply_total",
                                    "slot": [
                                        "offhand"
                                    ]
                                },
                                {
                                    "attribute": "minecraft:generic.attack_speed",
                                    "name": "generic.attack_speed",
                                    "amount": 0.1,
                                    "operation": "addition",
                                    "slot": [
                                        "offhand"
                                    ]
                                }
                            ]
                        }
                    ]
                }
            ]
        }
    ]
}