{
    "comment": "dropped by evokers",
    "type": "minecraft:entity",
    "pools": [
        {
            "rolls": 1,
            "entries": [
                {
                    "type": "minecraft:item",
                    "name": "minecraft:leather_helmet",
                    "functions": [
                        {
                            "function": "minecraft:set_name",
                            "entity": "this",
                            "name": {
                                "bold": false,
                                "translate": "item.essrpg.relic.enlightener"
                            }
                        },
                        {
                            "function": "minecraft:set_nbt",
                            "tag": "{esitem:enlightener,esitemgroup:relicarmor,Unbreakable:1,HideFlags:5,Enchantments:[{id:\"minecraft:respiration\",lvl:3},{id:\"minecraft:aqua_affinity\",lvl:1}],display:{color:6957907}}"
                        },
                        {
                            "function": "minecraft:set_lore",
                            "entity": "this",
                            "lore": [
                                {
                                    "translate": "item.essrpg.relic.enlightener.lore.0"
                                },
                                {
                                    "translate": "item.essrpg.relic.enlightener.lore.1"
                                },
                                {
                                    "translate": "item.essrpg.relic.enlightener.lore.2"
                                },
                                {
                                    "color": "gray",
                                    "italic": false,
                                    "translate": "item.essrpg.relic.oldgen"
                                },
                                [{
                                  "text": "c ",
                                  "color": "white",
                                  "italic": false,
                                  "font": "erpg:sigicon"
                                },
                                {
                                  "translate": "item.essrpg.packsig",
                                  "color": "gold",
                                  "font": "minecraft:default",
                                  "italic": true
                                }]
                            ]
                        }
                    ]
                }
            ],
            "functions": [
                {
                    "function": "minecraft:set_attributes",
                    "modifiers": [
                        {
                            "attribute": "minecraft:generic.max_health",
                            "name": "generic.max_health",
                            "amount": 2,
                            "operation": "multiply_total",
                            "slot": [
                                "head"
                            ]
                        },
                        {
                            "attribute": "minecraft:generic.armor",
                            "name": "generic.armor",
                            "amount": -1,
                            "operation": "multiply_total",
                            "slot": [
                                "head"
                            ]
                        }
                    ]
                }
            ]
        }
    ]
}