{
    "comment": "looted from buried treasure",
    "pools": [
        {
            "rolls": 1,
            "entries": [
                {
                    "type": "minecraft:item",
                    "name": "minecraft:diamond_shovel",
                    "functions": [
                        {
                            "function": "minecraft:set_nbt",
                            "tag": "{esitem:graberobber,esitemgroup:relicwep,Unbreakable:1,Enchantments:[{id:\"minecraft:silk_touch\",lvl:1},{id:\"minecraft:efficiency\",lvl:5}]}"
                        },
                        {
                            "function": "minecraft:set_name",
                            "entity": "this",
                            "name": {
                                "color": "blue",
                                "bold": true,
                                "italic": false,
                                "translate": "item.essrpg.relic.graverobber"
                            }
                        },
                        {
                            "function": "minecraft:set_lore",
                            "entity": "this",
                            "lore": [
                                {
                                    "translate": "item.essrpg.relic.graverobber.lore.0"
                                },
                                {
                                    "translate": "item.essrpg.relic.graverobber.lore.1"
                                },
                                {
                                    "translate": "item.essrpg.relic.graverobber.lore.2"
                                },
                                {
                                    "translate": "item.essrpg.relic.graverobber.lore.3"
                                },
                                {
                                    "translate": "item.essrpg.relic.graverobber.lore.4"
                                },
                                {
                                    "color": "gray",
                                    "italic": false,
                                    "translate": "item.essrpg.relic.oldgen"
                                },
                                [{
                                  "text": "c ",
                                  "color": "white",
                                  "italic": false,
                                  "font": "erpg:sigicon"
                                },
                                {
                                  "translate": "item.essrpg.packsig",
                                  "color": "gold",
                                  "font": "minecraft:default",
                                  "italic": true
                                }]
                            ]
                        },
                        {
                            "function": "minecraft:set_attributes",
                            "modifiers": [
                                {
                                    "attribute": "minecraft:generic.attack_speed",
                                    "name": "generic.attack_speed",
                                    "amount": -2,
                                    "operation": "addition",
                                    "slot": "mainhand"
                                },
                                {
                                    "attribute": "minecraft:generic.attack_damage",
                                    "name": "generic.attack_damage",
                                    "amount": 12,
                                    "operation": "addition",
                                    "slot": "mainhand"
                                },
                                {
                                    "attribute": "minecraft:generic.armor_toughness",
                                    "name": "generic.armor_toughness",
                                    "amount": 4,
                                    "operation": "addition",
                                    "slot": [
                                        "mainhand"
                                    ]
                                }
                            ]
                        }
                    ]
                }
            ]
        }
    ]
}