{
    "type": "command",
    "pools": [
        {
            "rolls": 1,
            "entries": [
                {
                    "type": "item",
                    "weight": 1,
                    "name": "minecraft:written_book",
                    "functions": [
                        {
                            "function": "set_count",
                            "count": 1
                        },
                        {
                            "function": "set_nbt",
                            "tag": "{CustomModelData:410002,esitem:empowerer,generation:3,title:\"\",author:\"The Jailor\",pages:['[{translate:emp.essrpg.p1.1},    \n\n{translate:emp.essrpg.p1.2,color:gold,bold:true,clickEvent:{action:run_command,value:\"/trigger es.emp.bnd.req set 11000\"}},    \n\n{translate:emp.essrpg.p1.3,color:gold,bold:true,clickEvent:{action:run_command,value:\"/trigger es.emp.bnd.req set 12000\"}},    \n\n{translate:emp.essrpg.p1.4,color:gold,bold:true,clickEvent:{action:run_command,value:\"/trigger es.emp.bnd.req set 21000\"}},    \n\n{translate:emp.essrpg.p1.5,color:gold,bold:true,clickEvent:{action:run_command,value:\"/trigger es.emp.bnd.req set 22000\"}},    \n\n{translate:emp.essrpg.p1.6,color:dark_red,bold:true,clickEvent:{action:run_command,value:\"/trigger es.emp.bnd.req set 2\"}},    \n\n{translate:emp.essrpg.p1.7,clickEvent:{action:run_command,value:\"/trigger es.epcheck set 1\"}},    \n\n{translate:emp.essrpg.p1.8,clickEvent:{action:run_command,value:\"/trigger es.essabbuy set 10\"}},    \n\n{translate:emp.essrpg.p1.9,clickEvent:{action:run_command,value:\"/trigger es.emp.handtoggle set 1\"}},    \n\n{text:\"                        \"},{text:\"( i )\",hoverEvent:{action:show_text,contents:[{translate:emp.essrpg.p1info.hover,with:[{translate:emp.essrpg.p1info.hover2,color:gold,bold:true}]}]}}]'          ,          '[{translate:emp.essrpg.p2.1},    \n\n{translate:emp.essrpg.p2.2,color:red,bold:true,hoverEvent:{action:show_text,contents:[{translate:emp.essrpg.p2.2h,with:[{translate:emp.essrpg.p2.1kf,color:red,bold:true}]}]},clickEvent:{action:run_command,value:\"/trigger es.essabbuy set 101\"}},    \n\n{translate:emp.essrpg.p2.3,color:red,bold:true,hoverEvent:{action:show_text,contents:[{translate:emp.essrpg.p2.3h,with:[{translate:emp.essrpg.p2.1kf,color:red,bold:true}]}]},clickEvent:{action:run_command,value:\"/trigger es.essabbuy set 102\"}},    \n\n{translate:emp.essrpg.p2.4,color:red,bold:true,hoverEvent:{action:show_text,contents:[{translate:emp.essrpg.p2.4h,with:[{translate:emp.essrpg.p2.1kf,color:red,bold:true}]}]},clickEvent:{action:run_command,value:\"/trigger es.essabbuy set 103\"}},    \n\n{translate:emp.essrpg.p2.5,color:blue,bold:true,hoverEvent:{action:show_text,contents:[{translate:emp.essrpg.p2.5h,with:[{translate:emp.essrpg.p2.1kp,color:blue,bold:true}]}]},clickEvent:{action:run_command,value:\"/trigger es.essabbuy set 201\"}},    \n\n{translate:emp.essrpg.p2.6,color:blue,bold:true,hoverEvent:{action:show_text,contents:[{translate:emp.essrpg.p2.6h,with:[{translate:emp.essrpg.p2.1kp,color:blue,bold:true}]}]},clickEvent:{action:run_command,value:\"/trigger es.essabbuy set 202\"}},    \n\n{translate:emp.essrpg.p2.7,color:blue,bold:true,hoverEvent:{action:show_text,contents:[{translate:emp.essrpg.p2.7h,with:[{translate:emp.essrpg.p2.1kp,color:blue,bold:true}]}]},clickEvent:{action:run_command,value:\"/trigger es.essabbuy set 203\"}},    \n\n{translate:emp.essrpg.p2.8,color:green,bold:true,hoverEvent:{action:show_text,contents:[{translate:emp.essrpg.p2.8h,with:[{translate:emp.essrpg.p2.1ks,color:green,bold:true}]}]},clickEvent:{action:run_command,value:\"/trigger es.essabbuy set 301\"}},    \n\n{translate:emp.essrpg.p2.9,color:green,bold:true,hoverEvent:{action:show_text,contents:[{translate:emp.essrpg.p2.9h,with:[{translate:emp.essrpg.p2.1ks,color:green,bold:true}]}]},clickEvent:{action:run_command,value:\"/trigger es.essabbuy set 302\"}},    \n\n{translate:emp.essrpg.p2.10,color:green,bold:true,hoverEvent:{action:show_text,contents:[{translate:emp.essrpg.p2.10h,with:[{translate:emp.essrpg.p2.1ks,color:green,bold:true}]}]},clickEvent:{action:run_command,value:\"/trigger es.essabbuy set 303\"}},    \n\n{\"text\":\"                        \"},{\"text\":\"( i )\",\"hoverEvent\":{\"action\":\"show_text\",\"contents\":[{translate:emp.essrpg.p2info.hover}]}}]']}"
                        },
                        {
                            "function": "set_name",
                            "name": [
                                {
                                    "italic": false,
                                    "translate": "item.essrpg.common.empowerer"
                                }
                            ]
                        },
                        {
                            "function": "set_lore",
                            "lore": [
                                {
                                    "color": "gray",
                                    "italic": false,
                                    "translate": "item.essrpg.common.empowerer.lore.0"
                                },
                                [{
                                  "text": "c ",
                                  "color": "white",
                                  "italic": false,
                                  "font": "erpg:sigicon"
                                },
                                {
                                  "translate": "item.essrpg.packsig",
                                  "color": "gold",
                                  "font": "minecraft:default",
                                  "italic": true
                                }]
                            ]
                        }
                    ]
                }
            ]
        }
    ]
}