{
    "pools": [
        {
            "rolls": 1,
            "entries": [
                {
                    "type": "minecraft:item",
                    "name": "minecraft:structure_block",
                    "functions": [
                        {
                            "function": "minecraft:set_name",
                            "entity": "this",
                            "name": {
                                "color": "blue",
                                "translate": "item.essrpg.common.genericprotector"
                            }
                        },
                        {
                            "function": "minecraft:set_lore",
                            "entity": "this",
                            "lore": [
                            [{
                              "text": "c ",
                              "color": "white",
                              "italic": false,
                              "font": "erpg:sigicon"
                            },
                            {
                              "translate": "item.essrpg.packsig",
                              "color": "gold",
                              "font": "minecraft:default",
                              "italic": true
                            }]
                            ]
                        },
                        {
                            "function": "minecraft:set_nbt",
                            "tag": "{CustomModelData:410002,HideFlags:1,Enchantments:[{}],esitem:p_essence,esitemgroup:epdrop}"
                        }
                    ]
                }
            ]
        }
    ]
}