{
  "carvers": {
    "air": [
      "minecraft:cave",
      "minecraft:cave_extra_underground",
      "minecraft:canyon"
    ]
  },
  "downfall": 0.0,
  "effects": {
    "fog_color": 1705242,
    "foliage_color": 2212519,
    "grass_color": 7191455,
    "mood_sound": {
      "block_search_extent": 8,
      "offset": 2.0,
      "sound": "minecraft:ambient.warped_forest.mood",
      "tick_delay": 6000
    },
    "particle": {
      "options": {
        "type": "minecraft:warped_spore"
      },
      "probability": 0.0000714
    },
    "sky_color": 12363724,
    "water_color": 4445678,
    "water_fog_color": 270131
  },
  "features": [
    [],
    [
      "minecraft:lake_lava_underground",
      "minecraft:lake_lava_surface"
    ],
    [
      "minecraft:amethyst_geode"
    ],
    [
      "minecraft:monster_room",
      "minecraft:monster_room_deep"
    ],
    [],
    [],
    [
      "minecraft:ore_dirt",
      "minecraft:ore_gravel",
      "minecraft:ore_granite_upper",
      "minecraft:ore_granite_lower",
      "minecraft:ore_limestone_upper",
      "minecraft:ore_limestone_lower",
      "minecraft:ore_scoria_upper",
      "minecraft:ore_scoria_lower",
      "minecraft:ore_aragonite_upper",
      "minecraft:ore_aragonite_lower",
      "minecraft:ore_netherrack_overworld_upper",
      "minecraft:ore_netherrack_overworld_lower",
      "minecraft:ore_tuff",
      "minecraft:ore_blackstone_overworld",
      "minecraft:ore_coal_upper",
      "minecraft:ore_coal_lower",
      "minecraft:ore_iron_upper",
      "minecraft:ore_iron_middle",
      "minecraft:ore_iron_small",
      "minecraft:ore_gold",
      "minecraft:ore_gold_lower",
      "minecraft:ore_redstone",
      "minecraft:ore_redstone_lower",
      "minecraft:ore_diamond",
      "minecraft:ore_diamond_large",
      "minecraft:ore_diamond_buried",
      "minecraft:ore_lapis",
      "minecraft:ore_lapis_buried",
      "minecraft:ore_copper",
      "minecraft:underwater_magma",
      "minecraft:ore_gold_extra",
      "minecraft:disk_sand",
      "minecraft:disk_clay",
      "minecraft:disk_gravel",
      "minecraft:disk_mud",
      "minecraft:ore_nylium_patch",
      "minecraft:ore_podzol_patch",
      "minecraft:ore_moss",
      "minecraft:ore_grass_patch",
      "minecraft:netherrack_warped_savanna",
      "minecraft:ore_netherrack_mountains",
      "minecraft:ore_quartz_nether"
    ],
    [
      "minecraft:ore_infested"
    ],
    [
      "minecraft:spring_water",
      "minecraft:spring_lava"
    ],
    [
      "minecraft:glow_lichen",
      "minecraft:trees_windswept_savanna",
      "minecraft:flower_warped",
      "minecraft:patch_grass_warped_savanna",
      "minecraft:brown_mushroom_normal",
      "minecraft:red_mushroom_normal",
      "minecraft:patch_sugar_cane",
      "minecraft:patch_pumpkin"
    ],
    [
      "minecraft:freeze_top_layer"
    ]
  ],
  "has_precipitation": false,
  "spawn_costs": {
    "minecraft:enderman": {
      "charge": 1.0,
      "energy_budget": 0.12
    },
    "minecraft:hoglin": {
      "charge": 1.0,
      "energy_budget": 0.12
    }
  },
  "spawners": {
    "ambient": [
      {
        "type": "minecraft:bat",
        "maxCount": 8,
        "minCount": 8,
        "weight": 10
      }
    ],
    "axolotls": [],
    "creature": [
      {
        "type": "minecraft:strider",
        "maxCount": 2,
        "minCount": 1,
        "weight": 60
      }
    ],
    "misc": [],
    "monster": [
      {
        "type": "minecraft:slime",
        "maxCount": 4,
        "minCount": 4,
        "weight": 100
      },
      {
        "type": "minecraft:enderman",
        "maxCount": 4,
        "minCount": 4,
        "weight": 10
      },
      {
        "type": "minecraft:hoglin",
        "maxCount": 1,
        "minCount": 1,
        "weight": 1
      }
    ],
    "underground_water_creature": [
      {
        "type": "minecraft:glow_squid",
        "maxCount": 6,
        "minCount": 4,
        "weight": 10
      }
    ],
    "water_ambient": [],
    "water_creature": []
  },
  "temperature": 2.0
}