{
  "display": {
    "icon": {
      "item": "minecraft:oak_sapling"
    },
    "title": {
      "translate": "advancements.exploration.forest.title"
    },
    "description": {
      "translate": "advancements.exploration.biome.description"
    },
    "frame": "task",
    "show_toast": true,
    "announce_to_chat": false,
    "hidden": false
  },
  "parent": "minecraft:exploration/root",
  "criteria": {
    "biome": {
      "trigger": "minecraft:location",
      "conditions": {
        "player": [
          {
            "condition": "minecraft:entity_properties",
            "entity": "this",
            "predicate": {
              "location": {
                "biome": "minecraft:forest"
              }
            }
          }
        ]
      }
    }
  },
  "requirements": [
    [
      "biome"
    ]
  ]
}
