{
  "display": {
    "icon": {
      "item": "minecraft:birch_sapling"
    },
    "title": {
      "translate": "advancements.exploration.old_growth_birch_forest.title"
    },
    "description": {
      "translate": "advancements.exploration.biome.description"
    },
    "frame": "task",
    "show_toast": true,
    "announce_to_chat": false,
    "hidden": false
  },
  "parent": "minecraft:exploration/birch_forest",
  "criteria": {
    "biome": {
      "trigger": "minecraft:location",
      "conditions": {
        "player": [
          {
            "condition": "minecraft:entity_properties",
            "entity": "this",
            "predicate": {
              "location": {
                "biome": "minecraft:old_growth_birch_forest"
              }
            }
          }
        ]
      }
    }
  },
  "requirements": [
    [
      "biome"
    ]
  ]
}
