{
  "display": {
    "icon": {
      "item": "minecraft:podzol"
    },
    "title": {
      "translate": "advancements.exploration.root.title"
    },
    "description": {
      "translate": "advancements.exploration.root.description"
    },
    "background": "minecraft:textures/block/podzol_top.png",
    "frame": "task",
    "show_toast": false,
    "announce_to_chat": false
  },
  "criteria": {
    "in_overworld": {
      "trigger": "minecraft:location",
      "conditions": {
        "player": [
          {
            "condition": "minecraft:entity_properties",
            "entity": "this",
            "predicate": {
              "location": {
                "dimension": "minecraft:overworld"
              }
            }
          }
        ]
      }
    }
  },
  "requirements": [
    [
      "in_overworld"
    ]
  ]
}
