{
  "display": {
    "icon": {
      "item": "minecraft:dead_fire_coral",
      "nbt": "{CustomModelData:10001}"
    },
    "title": {
      "translate": "advancements.exploration.sparse_jungle.title"
    },
    "description": {
      "translate": "advancements.exploration.biome.description"
    },
    "frame": "task",
    "show_toast": true,
    "announce_to_chat": false,
    "hidden": false
  },
  "parent": "minecraft:exploration/windswept_forest",
  "criteria": {
    "biome": {
      "trigger": "minecraft:location",
      "conditions": {
        "player": [
          {
            "condition": "minecraft:entity_properties",
            "entity": "this",
            "predicate": {
              "location": {
                "biome": "minecraft:sparse_jungle"
              }
            }
          }
        ]
      }
    }
  },
  "requirements": [
    [
      "biome"
    ]
  ]
}
