{
	"parent": "item/generated",
	"textures": {
		"layer0": "minecraft:item/blue_dye"
	},
	"overrides": [
		{
			"predicate": {
				"custom_model_data": 1
			},
			"model": "ddo:item/mobs/devourer/bone4"
		},
		{
			"predicate": {
				"custom_model_data": 1
			},
			"model": "item/animated_java_empty"
		},
		{
			"predicate": {
				"custom_model_data": 1
			},
			"model": "item/animated_java_empty"
		},
		{
			"predicate": {
				"custom_model_data": 2
			},
			"model": "ddo:item/mobs/devourer/bone3"
		},
		{
			"predicate": {
				"custom_model_data": 3
			},
			"model": "ddo:item/mobs/devourer/bone2"
		},
		{
			"predicate": {
				"custom_model_data": 4
			},
			"model": "ddo:item/mobs/devourer/tongue"
		},
		{
			"predicate": {
				"custom_model_data": 5
			},
			"model": "ddo:item/mobs/devourer/lip1"
		},
		{
			"predicate": {
				"custom_model_data": 6
			},
			"model": "ddo:item/mobs/devourer/lip2"
		},
		{
			"predicate": {
				"custom_model_data": 7
			},
			"model": "ddo:item/mobs/devourer/mouth"
		},
		{
			"predicate": {
				"custom_model_data": 8
			},
			"model": "ddo:item/mobs/devourer/bone6"
		},
		{
			"predicate": {
				"custom_model_data": 9
			},
			"model": "ddo:item/mobs/devourer/bone4"
		},
		{
			"predicate": {
				"custom_model_data": 10
			},
			"model": "ddo:item/mobs/devourer/bone3"
		},
		{
			"predicate": {
				"custom_model_data": 11
			},
			"model": "ddo:item/mobs/devourer/bone2"
		},
		{
			"predicate": {
				"custom_model_data": 12
			},
			"model": "ddo:item/mobs/devourer/tongue"
		},
		{
			"predicate": {
				"custom_model_data": 13
			},
			"model": "ddo:item/mobs/devourer/lip1"
		},
		{
			"predicate": {
				"custom_model_data": 14
			},
			"model": "ddo:item/mobs/devourer/lip2"
		},
		{
			"predicate": {
				"custom_model_data": 15
			},
			"model": "ddo:item/mobs/devourer/mouth"
		},
		{
			"predicate": {
				"custom_model_data": 16
			},
			"model": "ddo:item/mobs/devourer/bone6"
		},
		{
			"predicate": {
				"custom_model_data": 17
			},
			"model": "ddo:item/mobs/keeper/bone2"
		},
		{
			"predicate": {
				"custom_model_data": 18
			},
			"model": "ddo:item/mobs/keeper/rightarm"
		},
		{
			"predicate": {
				"custom_model_data": 19
			},
			"model": "ddo:item/mobs/keeper/bone"
		},
		{
			"predicate": {
				"custom_model_data": 20
			},
			"model": "ddo:item/mobs/keeper/leftarm"
		},
		{
			"predicate": {
				"custom_model_data": 21
			},
			"model": "ddo:item/mobs/keeper/head"
		},
		{
			"predicate": {
				"custom_model_data": 22
			},
			"model": "ddo:item/mobs/keeper/heart"
		},
		{
			"predicate": {
				"custom_model_data": 23
			},
			"model": "ddo:item/mobs/keeper/leftrib"
		},
		{
			"predicate": {
				"custom_model_data": 24
			},
			"model": "ddo:item/mobs/keeper/rightrib"
		},
		{
			"predicate": {
				"custom_model_data": 25
			},
			"model": "ddo:item/mobs/keeper/torso"
		},
		{
			"predicate": {
				"custom_model_data": 26
			},
			"model": "ddo:item/mobs/keeper/leftleg"
		},
		{
			"predicate": {
				"custom_model_data": 27
			},
			"model": "ddo:item/mobs/keeper/rightleg"
		}
	],
	"animated_java": {
		"rigs": {
			"ddo": {
				"used_ids": [
					1,
					2,
					3,
					4,
					5,
					6,
					7,
					8
				]
			},
			"devourer": {
				"used_ids": [
					9,
					10,
					11,
					12,
					13,
					14,
					15,
					16
				]
			},
			"keeper": {
				"used_ids": [
					17,
					18,
					19,
					20,
					21,
					22,
					23,
					24,
					25,
					26,
					27
				]
			}
		}
	}
}