{
	"parent": "item/generated",
	"textures": {
		"layer0": "minecraft:item/red_dye"
	},
	"overrides": [
		{
			"predicate": {
				"custom_model_data": 1
			},
			"model": "ddo:item/mobs/devourer/bone4"
		},
		{
			"predicate": {
				"custom_model_data": 1
			},
			"model": "item/animated_java_empty"
		},
		{
			"predicate": {
				"custom_model_data": 2
			},
			"model": "ddo:item/mobs/devourer/bone3"
		},
		{
			"predicate": {
				"custom_model_data": 3
			},
			"model": "ddo:item/mobs/devourer/bone2"
		},
		{
			"predicate": {
				"custom_model_data": 4
			},
			"model": "ddo:item/mobs/devourer/tongue"
		},
		{
			"predicate": {
				"custom_model_data": 5
			},
			"model": "ddo:item/mobs/devourer/lip1"
		},
		{
			"predicate": {
				"custom_model_data": 6
			},
			"model": "ddo:item/mobs/devourer/lip2"
		},
		{
			"predicate": {
				"custom_model_data": 6
			},
			"model": "item/animated_java_empty"
		},
		{
			"predicate": {
				"custom_model_data": 7
			},
			"model": "ddo:item/mobs/devourer/mouth"
		},
		{
			"predicate": {
				"custom_model_data": 8
			},
			"model": "ddo:item/mobs/devourer/bone6"
		},
		{
			"predicate": {
				"custom_model_data": 9
			},
			"model": "ddo:item/mobs/devourer/bone4"
		},
		{
			"predicate": {
				"custom_model_data": 10
			},
			"model": "ddo:item/mobs/devourer/bone3"
		},
		{
			"predicate": {
				"custom_model_data": 11
			},
			"model": "ddo:item/mobs/devourer/bone2"
		},
		{
			"predicate": {
				"custom_model_data": 12
			},
			"model": "ddo:item/mobs/devourer/tongue"
		},
		{
			"predicate": {
				"custom_model_data": 13
			},
			"model": "ddo:item/mobs/devourer/lip1"
		},
		{
			"predicate": {
				"custom_model_data": 14
			},
			"model": "ddo:item/mobs/devourer/lip2"
		},
		{
			"predicate": {
				"custom_model_data": 15
			},
			"model": "ddo:item/mobs/devourer/mouth"
		},
		{
			"predicate": {
				"custom_model_data": 16
			},
			"model": "ddo:item/mobs/devourer/bone6"
		},
		{
			"predicate": {
				"custom_model_data": 17
			},
			"model": "ddo:item/mobs/keeper/bone2"
		},
		{
			"predicate": {
				"custom_model_data": 18
			},
			"model": "ddo:item/mobs/keeper/rightarm"
		},
		{
			"predicate": {
				"custom_model_data": 19
			},
			"model": "ddo:item/mobs/keeper/bone"
		},
		{
			"predicate": {
				"custom_model_data": 20
			},
			"model": "ddo:item/mobs/keeper/leftarm"
		},
		{
			"predicate": {
				"custom_model_data": 21
			},
			"model": "ddo:item/mobs/keeper/head"
		},
		{
			"predicate": {
				"custom_model_data": 22
			},
			"model": "ddo:item/mobs/keeper/heart"
		},
		{
			"predicate": {
				"custom_model_data": 23
			},
			"model": "ddo:item/mobs/keeper/leftrib"
		},
		{
			"predicate": {
				"custom_model_data": 24
			},
			"model": "ddo:item/mobs/keeper/rightrib"
		},
		{
			"predicate": {
				"custom_model_data": 25
			},
			"model": "ddo:item/mobs/keeper/torso"
		},
		{
			"predicate": {
				"custom_model_data": 26
			},
			"model": "ddo:item/mobs/keeper/leftleg"
		},
		{
			"predicate": {
				"custom_model_data": 27
			},
			"model": "ddo:item/mobs/keeper/rightleg"
		},
		{
			"predicate": {
				"custom_model_data": 28
			},
			"model": "item/animated_java_empty"
		},
		{
			"predicate": {
				"custom_model_data": 28
			},
			"model": "item/animated_java_empty"
		},
		{
			"predicate": {
				"custom_model_data": 28
			},
			"model": "ddo:item/blocks/spawner/cage"
		},
		{
			"predicate": {
				"custom_model_data": 29
			},
			"model": "ddo:item/blocks/spawner/chains"
		},
		{
			"predicate": {
				"custom_model_data": 30
			},
			"model": "ddo:item/blocks/spawner/corners"
		},
		{
			"predicate": {
				"custom_model_data": 31
			},
			"model": "ddo:item/blocks/spawner/bones_right"
		},
		{
			"predicate": {
				"custom_model_data": 32
			},
			"model": "ddo:item/blocks/spawner/bones_left"
		},
		{
			"predicate": {
				"custom_model_data": 33
			},
			"model": "ddo:item/blocks/spawner/plate"
		},
		{
			"predicate": {
				"custom_model_data": 34
			},
			"model": "ddo:item/blocks/spawner/t11"
		},
		{
			"predicate": {
				"custom_model_data": 35
			},
			"model": "ddo:item/blocks/spawner/t12"
		},
		{
			"predicate": {
				"custom_model_data": 36
			},
			"model": "ddo:item/blocks/spawner/t13"
		},
		{
			"predicate": {
				"custom_model_data": 37
			},
			"model": "ddo:item/blocks/spawner/t14"
		},
		{
			"predicate": {
				"custom_model_data": 38
			},
			"model": "ddo:item/blocks/spawner/t15"
		},
		{
			"predicate": {
				"custom_model_data": 39
			},
			"model": "ddo:item/blocks/spawner/t21"
		},
		{
			"predicate": {
				"custom_model_data": 40
			},
			"model": "ddo:item/blocks/spawner/t22"
		},
		{
			"predicate": {
				"custom_model_data": 41
			},
			"model": "ddo:item/blocks/spawner/t23"
		},
		{
			"predicate": {
				"custom_model_data": 42
			},
			"model": "ddo:item/blocks/spawner/t24"
		},
		{
			"predicate": {
				"custom_model_data": 43
			},
			"model": "ddo:item/blocks/spawner/t25"
		},
		{
			"predicate": {
				"custom_model_data": 44
			},
			"model": "ddo:item/blocks/spawner/t31"
		},
		{
			"predicate": {
				"custom_model_data": 45
			},
			"model": "ddo:item/blocks/spawner/t32"
		},
		{
			"predicate": {
				"custom_model_data": 46
			},
			"model": "ddo:item/blocks/spawner/t33"
		},
		{
			"predicate": {
				"custom_model_data": 47
			},
			"model": "ddo:item/blocks/spawner/t34"
		},
		{
			"predicate": {
				"custom_model_data": 48
			},
			"model": "ddo:item/blocks/spawner/t35"
		},
		{
			"predicate": {
				"custom_model_data": 49
			},
			"model": "ddo:item/blocks/spawner/t41"
		},
		{
			"predicate": {
				"custom_model_data": 50
			},
			"model": "ddo:item/blocks/spawner/t42"
		},
		{
			"predicate": {
				"custom_model_data": 51
			},
			"model": "ddo:item/blocks/spawner/t43"
		},
		{
			"predicate": {
				"custom_model_data": 52
			},
			"model": "ddo:item/blocks/spawner/t44"
		},
		{
			"predicate": {
				"custom_model_data": 53
			},
			"model": "ddo:item/blocks/spawner/t45"
		},
		{
			"predicate": {
				"custom_model_data": 54
			},
			"model": "ddo:item/blocks/spawner/v11"
		},
		{
			"predicate": {
				"custom_model_data": 55
			},
			"model": "ddo:item/blocks/spawner/v21"
		},
		{
			"predicate": {
				"custom_model_data": 56
			},
			"model": "ddo:item/blocks/spawner/v22"
		},
		{
			"predicate": {
				"custom_model_data": 57
			},
			"model": "ddo:item/blocks/spawner/v31"
		},
		{
			"predicate": {
				"custom_model_data": 58
			},
			"model": "ddo:item/blocks/spawner/v32"
		},
		{
			"predicate": {
				"custom_model_data": 59
			},
			"model": "ddo:item/blocks/spawner/v41"
		},
		{
			"predicate": {
				"custom_model_data": 60
			},
			"model": "ddo:item/blocks/spawner/v42"
		},
		{
			"predicate": {
				"custom_model_data": 61
			},
			"model": "ddo:item/blocks/spawner/v51"
		},
		{
			"predicate": {
				"custom_model_data": 62
			},
			"model": "ddo:item/blocks/spawner/v52"
		},
		{
			"predicate": {
				"custom_model_data": 63
			},
			"model": "ddo:item/blocks/spawner/v61"
		},
		{
			"predicate": {
				"custom_model_data": 64
			},
			"model": "ddo:item/blocks/spawner/v62"
		},
		{
			"predicate": {
				"custom_model_data": 65
			},
			"model": "ddo:item/blocks/spawner/heart"
		}
	],
	"animated_java": {
		"rigs": {
			"ddo": {
				"used_ids": [
					1,
					2,
					3,
					4,
					5,
					6,
					7,
					8
				]
			},
			"devourer": {
				"used_ids": [
					9,
					10,
					11,
					12,
					13,
					14,
					15,
					16
				]
			},
			"keeper": {
				"used_ids": [
					17,
					18,
					19,
					20,
					21,
					22,
					23,
					24,
					25,
					26,
					27
				]
			},
			"spawner": {
				"used_ids": [
					28,
					29,
					30,
					31,
					32,
					33,
					34,
					35,
					36,
					37,
					38,
					39,
					40,
					41,
					42,
					43,
					44,
					45,
					46,
					47,
					48,
					49,
					50,
					51,
					52,
					53,
					54,
					55,
					56,
					57,
					58,
					59,
					60,
					61,
					62,
					63,
					64,
					65
				]
			}
		}
	}
}