{
	"parent": "item/generated",
	"textures": {
		"layer0": "minecraft:item/white_dye"
	},
	"overrides": [
		{
			"predicate": {
				"custom_model_data": 1
			},
			"model": "ddo:item/mobs/watcher/body"
		},
		{
			"predicate": {
				"custom_model_data": 2
			},
			"model": "ddo:item/mobs/watcher/eye"
		},
		{
			"predicate": {
				"custom_model_data": 3
			},
			"model": "ddo:item/mobs/watcher/body2"
		},
		{
			"predicate": {
				"custom_model_data": 4
			},
			"model": "ddo:item/mobs/watcher/pupil"
		},
		{
			"predicate": {
				"custom_model_data": 5
			},
			"model": "ddo:item/mobs/watcher/base"
		},
		{
			"predicate": {
				"custom_model_data": 9
			},
			"model": "item/animated_java_empty"
		},
		{
			"predicate": {
				"custom_model_data": 10
			},
			"model": "ddo:item/mobs/watcher/body"
		},
		{
			"predicate": {
				"custom_model_data": 11
			},
			"model": "ddo:item/mobs/watcher/eye"
		},
		{
			"predicate": {
				"custom_model_data": 12
			},
			"model": "ddo:item/mobs/watcher/body2"
		},
		{
			"predicate": {
				"custom_model_data": 13
			},
			"model": "ddo:item/mobs/watcher/pupil"
		},
		{
			"predicate": {
				"custom_model_data": 14
			},
			"model": "ddo:item/mobs/watcher/base"
		}
	],
	"animated_java": {
		"rigs": {
			"ddo": {
				"used_ids": [
					1,
					2,
					3,
					4,
					5
				]
			},
			"watcher": {
				"used_ids": [
					10,
					11,
					12,
					13,
					14
				]
			}
		}
	}
}