{
	"parent": "item/generated",
	"textures": {
		"layer0": "minecraft:item/yellow_dye"
	},
	"overrides": [
		{
			"predicate": {
				"custom_model_data": 1
			},
			"model": "ddo:item/mobs/devourer/bone4"
		},
		{
			"predicate": {
				"custom_model_data": 2
			},
			"model": "ddo:item/mobs/devourer/bone3"
		},
		{
			"predicate": {
				"custom_model_data": 3
			},
			"model": "ddo:item/mobs/devourer/bone2"
		},
		{
			"predicate": {
				"custom_model_data": 4
			},
			"model": "ddo:item/mobs/devourer/tongue"
		},
		{
			"predicate": {
				"custom_model_data": 5
			},
			"model": "ddo:item/mobs/devourer/lip1"
		},
		{
			"predicate": {
				"custom_model_data": 6
			},
			"model": "ddo:item/mobs/devourer/lip2"
		},
		{
			"predicate": {
				"custom_model_data": 7
			},
			"model": "ddo:item/mobs/devourer/mouth"
		},
		{
			"predicate": {
				"custom_model_data": 8
			},
			"model": "ddo:item/mobs/devourer/bone6"
		},
		{
			"predicate": {
				"custom_model_data": 28
			},
			"model": "item/animated_java_empty"
		},
		{
			"predicate": {
				"custom_model_data": 29
			},
			"model": "ddo:item/mobs/devourer/bone4"
		},
		{
			"predicate": {
				"custom_model_data": 30
			},
			"model": "ddo:item/mobs/devourer/bone3"
		},
		{
			"predicate": {
				"custom_model_data": 31
			},
			"model": "ddo:item/mobs/devourer/bone2"
		},
		{
			"predicate": {
				"custom_model_data": 32
			},
			"model": "ddo:item/mobs/devourer/tongue"
		},
		{
			"predicate": {
				"custom_model_data": 33
			},
			"model": "ddo:item/mobs/devourer/lip1"
		},
		{
			"predicate": {
				"custom_model_data": 34
			},
			"model": "ddo:item/mobs/devourer/lip2"
		},
		{
			"predicate": {
				"custom_model_data": 35
			},
			"model": "ddo:item/mobs/devourer/mouth"
		},
		{
			"predicate": {
				"custom_model_data": 36
			},
			"model": "ddo:item/mobs/devourer/bone6"
		}
	],
	"animated_java": {
		"rigs": {
			"ddo": {
				"used_ids": [
					1,
					2,
					3,
					4,
					5,
					6,
					7,
					8
				]
			},
			"devourer": {
				"used_ids": [
					29,
					30,
					31,
					32,
					33,
					34,
					35,
					36
				]
			}
		}
	}
}