{
	"textures": {
		"0": "ddo:item/blocks/spawner/spawnertxt"
	},
	"elements": [
		{
			"from": [
				9.25,
				7.753284327242101,
				6.982121597344438
			],
			"to": [
				9.75,
				8.3532843272421,
				8.482121597344435
			],
			"rotation": {
				"angle": 22.5,
				"axis": "x",
				"origin": [
					9.5,
					7.3532843272421005,
					7.732121597344437
				]
			},
			"faces": {
				"north": {
					"uv": [
						1.6875,
						8.625,
						1.8125,
						8.65
					],
					"texture": "#0"
				},
				"east": {
					"uv": [
						1.6875,
						8.3125,
						1.8124999999999996,
						8.6875
					],
					"rotation": 270,
					"texture": "#0"
				},
				"south": {
					"uv": [
						0.125,
						8.125,
						0.25,
						8.275
					],
					"texture": "#0"
				},
				"west": {
					"uv": [
						1.6875,
						8.3125,
						1.8124999999999996,
						8.6875
					],
					"rotation": 90,
					"texture": "#0"
				},
				"up": {
					"uv": [
						1.6875,
						9.0625,
						1.8125,
						9.437499999999998
					],
					"texture": "#0"
				},
				"down": {
					"uv": [
						1.6875,
						8.3125,
						1.8125,
						8.687499999999998
					],
					"texture": "#0"
				}
			}
		},
		{
			"from": [
				8.250000000000002,
				7.753284327242101,
				6.982121597344438
			],
			"to": [
				8.750000000000002,
				8.3532843272421,
				8.482121597344435
			],
			"rotation": {
				"angle": 22.5,
				"axis": "x",
				"origin": [
					9.5,
					7.3532843272421005,
					7.732121597344437
				]
			},
			"faces": {
				"north": {
					"uv": [
						1.6875,
						8.625,
						1.8125,
						8.65
					],
					"texture": "#0"
				},
				"east": {
					"uv": [
						1.6875,
						8.3125,
						1.8124999999999996,
						8.6875
					],
					"rotation": 270,
					"texture": "#0"
				},
				"south": {
					"uv": [
						0.125,
						8.125,
						0.25,
						8.275
					],
					"texture": "#0"
				},
				"west": {
					"uv": [
						1.6875,
						8.3125,
						1.8124999999999996,
						8.6875
					],
					"rotation": 90,
					"texture": "#0"
				},
				"up": {
					"uv": [
						1.6875,
						9.0625,
						1.8125,
						9.437499999999998
					],
					"texture": "#0"
				},
				"down": {
					"uv": [
						1.6875,
						8.3125,
						1.8125,
						8.687499999999998
					],
					"texture": "#0"
				}
			}
		},
		{
			"from": [
				7.25,
				7.753284327242101,
				6.982121597344438
			],
			"to": [
				7.75,
				8.3532843272421,
				8.482121597344435
			],
			"rotation": {
				"angle": 22.5,
				"axis": "x",
				"origin": [
					9.5,
					7.3532843272421005,
					7.732121597344437
				]
			},
			"faces": {
				"north": {
					"uv": [
						1.6875,
						8.625,
						1.8125,
						8.65
					],
					"texture": "#0"
				},
				"east": {
					"uv": [
						1.6875,
						8.3125,
						1.8124999999999996,
						8.6875
					],
					"rotation": 270,
					"texture": "#0"
				},
				"south": {
					"uv": [
						0.125,
						8.125,
						0.25,
						8.275
					],
					"texture": "#0"
				},
				"west": {
					"uv": [
						1.6875,
						8.3125,
						1.8124999999999996,
						8.6875
					],
					"rotation": 90,
					"texture": "#0"
				},
				"up": {
					"uv": [
						1.6875,
						9.0625,
						1.8125,
						9.437499999999998
					],
					"texture": "#0"
				},
				"down": {
					"uv": [
						1.6875,
						8.3125,
						1.8125,
						8.687499999999998
					],
					"texture": "#0"
				}
			}
		},
		{
			"from": [
				6.250000000000001,
				7.753284327242101,
				6.982121597344438
			],
			"to": [
				6.750000000000002,
				8.3532843272421,
				8.482121597344435
			],
			"rotation": {
				"angle": 22.5,
				"axis": "x",
				"origin": [
					9.5,
					7.3532843272421005,
					7.732121597344437
				]
			},
			"faces": {
				"north": {
					"uv": [
						1.6875000000000002,
						8.625,
						1.8125000000000004,
						8.65
					],
					"texture": "#0"
				},
				"east": {
					"uv": [
						1.6875,
						8.3125,
						1.8124999999999996,
						8.6875
					],
					"rotation": 270,
					"texture": "#0"
				},
				"south": {
					"uv": [
						0.12500000000000022,
						8.125,
						0.25000000000000044,
						8.275
					],
					"texture": "#0"
				},
				"west": {
					"uv": [
						1.6875,
						8.3125,
						1.8124999999999996,
						8.6875
					],
					"rotation": 90,
					"texture": "#0"
				},
				"up": {
					"uv": [
						1.6875,
						9.0625,
						1.8125000000000002,
						9.437499999999998
					],
					"texture": "#0"
				},
				"down": {
					"uv": [
						1.6875,
						8.3125,
						1.8125,
						8.687499999999998
					],
					"texture": "#0"
				}
			}
		}
	],
	"display": {
		"head": {
			"rotation": [
				0,
				180,
				0
			]
		}
	}
}