{
	"textures": {
		"0": "ddo:item/blocks/spawner/spawnertxt"
	},
	"elements": [
		{
			"from": [
				6.25,
				7.753284327242101,
				7.5178784026555645
			],
			"to": [
				6.750000000000001,
				8.3532843272421,
				9.017878402655562
			],
			"rotation": {
				"angle": -22.5,
				"axis": "x",
				"origin": [
					9.5,
					7.3532843272421005,
					8.267878402655562
				]
			},
			"faces": {
				"north": {
					"uv": [
						1.6875,
						9.0625,
						1.8125,
						9.0875
					],
					"texture": "#0"
				},
				"east": {
					"uv": [
						1.6875,
						9.0625,
						1.8124999999999991,
						9.4375
					],
					"rotation": 270,
					"texture": "#0"
				},
				"south": {
					"uv": [
						1.6875,
						8.6625,
						1.8125000000000002,
						8.6875
					],
					"texture": "#0"
				},
				"west": {
					"uv": [
						1.6875,
						9.0625,
						1.8124999999999991,
						9.4375
					],
					"rotation": 90,
					"texture": "#0"
				},
				"up": {
					"uv": [
						1.6875,
						8.3125,
						1.8125000000000002,
						8.6875
					],
					"texture": "#0"
				},
				"down": {
					"uv": [
						2.1875,
						9.0625,
						2.3125,
						9.4375
					],
					"texture": "#0"
				}
			}
		},
		{
			"from": [
				7.249999999999999,
				7.753284327242101,
				7.5178784026555645
			],
			"to": [
				7.749999999999999,
				8.3532843272421,
				9.017878402655562
			],
			"rotation": {
				"angle": -22.5,
				"axis": "x",
				"origin": [
					9.5,
					7.3532843272421005,
					8.267878402655562
				]
			},
			"faces": {
				"north": {
					"uv": [
						1.6875,
						9.0625,
						1.8125,
						9.0875
					],
					"texture": "#0"
				},
				"east": {
					"uv": [
						1.6875,
						9.0625,
						1.8125,
						9.4375
					],
					"rotation": 270,
					"texture": "#0"
				},
				"south": {
					"uv": [
						1.6875,
						8.6625,
						1.8125,
						8.6875
					],
					"texture": "#0"
				},
				"west": {
					"uv": [
						1.6875,
						9.0625,
						1.8125,
						9.4375
					],
					"rotation": 90,
					"texture": "#0"
				},
				"up": {
					"uv": [
						1.6875,
						8.3125,
						1.8125,
						8.6875
					],
					"texture": "#0"
				},
				"down": {
					"uv": [
						2.1875,
						9.0625,
						2.3125,
						9.4375
					],
					"texture": "#0"
				}
			}
		},
		{
			"from": [
				8.25,
				7.753284327242101,
				7.5178784026555645
			],
			"to": [
				8.75,
				8.3532843272421,
				9.017878402655562
			],
			"rotation": {
				"angle": -22.5,
				"axis": "x",
				"origin": [
					9.5,
					7.3532843272421005,
					8.267878402655562
				]
			},
			"faces": {
				"north": {
					"uv": [
						1.6875,
						9.0625,
						1.8125,
						9.0875
					],
					"texture": "#0"
				},
				"east": {
					"uv": [
						1.6875,
						9.0625,
						1.8124999999999991,
						9.4375
					],
					"rotation": 270,
					"texture": "#0"
				},
				"south": {
					"uv": [
						1.6875,
						8.6625,
						1.8125,
						8.6875
					],
					"texture": "#0"
				},
				"west": {
					"uv": [
						1.6875,
						9.0625,
						1.8124999999999991,
						9.4375
					],
					"rotation": 90,
					"texture": "#0"
				},
				"up": {
					"uv": [
						1.6875,
						8.3125,
						1.8125,
						8.6875
					],
					"texture": "#0"
				},
				"down": {
					"uv": [
						2.1875,
						9.0625,
						2.3125,
						9.4375
					],
					"texture": "#0"
				}
			}
		},
		{
			"from": [
				9.25,
				7.753284327242101,
				7.5178784026555645
			],
			"to": [
				9.75,
				8.3532843272421,
				9.017878402655562
			],
			"rotation": {
				"angle": -22.5,
				"axis": "x",
				"origin": [
					9.5,
					7.3532843272421005,
					8.267878402655562
				]
			},
			"faces": {
				"north": {
					"uv": [
						1.6875,
						9.0625,
						1.8125,
						9.0875
					],
					"texture": "#0"
				},
				"east": {
					"uv": [
						1.6875,
						9.0625,
						1.8124999999999991,
						9.4375
					],
					"rotation": 270,
					"texture": "#0"
				},
				"south": {
					"uv": [
						1.6875,
						8.6625,
						1.8125,
						8.6875
					],
					"texture": "#0"
				},
				"west": {
					"uv": [
						1.6875,
						9.0625,
						1.8124999999999991,
						9.4375
					],
					"rotation": 90,
					"texture": "#0"
				},
				"up": {
					"uv": [
						1.6875,
						8.3125,
						1.8125,
						8.6875
					],
					"texture": "#0"
				},
				"down": {
					"uv": [
						2.1875,
						9.0625,
						2.3125,
						9.4375
					],
					"texture": "#0"
				}
			}
		}
	],
	"display": {
		"head": {
			"rotation": [
				0,
				180,
				0
			]
		}
	}
}