{
	"textures": {
		"0": "ddo:item/blocks/spawner/spawnertxt"
	},
	"elements": [
		{
			"from": [
				8,
				8,
				8
			],
			"to": [
				19,
				19,
				19
			],
			"rotation": {
				"angle": 0,
				"axis": "y",
				"origin": [
					8,
					8,
					8
				]
			},
			"faces": {
				"north": {
					"uv": [
						2.75,
						0,
						5.5,
						2.75
					],
					"texture": "#0"
				},
				"east": {
					"uv": [
						0,
						0,
						2.75,
						2.75
					],
					"texture": "#0"
				},
				"south": {
					"uv": [
						2.75,
						0,
						5.5,
						2.75
					],
					"texture": "#0"
				},
				"west": {
					"uv": [
						0,
						0,
						2.75,
						2.75
					],
					"texture": "#0"
				},
				"up": {
					"uv": [
						2.75,
						8.25,
						0,
						5.5
					],
					"texture": "#0"
				},
				"down": {
					"uv": [
						8.25,
						0,
						5.5,
						2.75
					],
					"texture": "#0"
				}
			}
		}
	],
	"display": {
		"head": {
			"rotation": [
				0,
				180,
				0
			]
		}
	}
}