{
	"textures": {
		"0": "ddo:item/blocks/spawner/spawnertxt"
	},
	"elements": [
		{
			"from": [
				8.000503986061462,
				2.974271525873797,
				-16
			],
			"to": [
				13.510362267328258,
				13.0257284741262,
				-16
			],
			"rotation": {
				"angle": -22.5,
				"axis": "y",
				"origin": [
					7.999999999999999,
					8,
					-16
				]
			},
			"faces": {
				"north": {
					"uv": [
						2.75,
						5.5,
						4.25,
						8.25
					],
					"texture": "#0"
				},
				"east": {
					"uv": [
						0,
						0,
						0,
						2.75
					],
					"texture": "#0"
				},
				"south": {
					"uv": [
						5.5,
						2.75,
						7,
						5.5
					],
					"texture": "#0"
				},
				"west": {
					"uv": [
						0,
						0,
						0,
						2.75
					],
					"texture": "#0"
				},
				"up": {
					"uv": [
						1.5,
						0,
						0,
						0
					],
					"texture": "#0"
				},
				"down": {
					"uv": [
						1.5,
						0,
						0,
						0
					],
					"texture": "#0"
				}
			}
		},
		{
			"from": [
				12.655733271601857,
				2.974271525873797,
				-15.97694619965997
			],
			"to": [
				18.16559155286866,
				13.0257284741262,
				-15.97694619965997
			],
			"rotation": {
				"angle": 22.5,
				"axis": "y",
				"origin": [
					18.133492541825007,
					7.999999999999998,
					-15.97694619965997
				]
			},
			"faces": {
				"north": {
					"uv": [
						4.25,
						5.5,
						5.75,
						8.25
					],
					"texture": "#0"
				},
				"east": {
					"uv": [
						0,
						0,
						0,
						2.75
					],
					"texture": "#0"
				},
				"south": {
					"uv": [
						5.75,
						5.5,
						7.25,
						8.25
					],
					"texture": "#0"
				},
				"west": {
					"uv": [
						0,
						0,
						0,
						2.75
					],
					"texture": "#0"
				},
				"up": {
					"uv": [
						1.5,
						0,
						0,
						0
					],
					"texture": "#0"
				},
				"down": {
					"uv": [
						1.5,
						0,
						0,
						0
					],
					"texture": "#0"
				}
			}
		},
		{
			"from": [
				12.655733271601857,
				2.974271525873797,
				-5.855334004357104
			],
			"to": [
				18.16559155286866,
				13.0257284741262,
				-5.855334004357104
			],
			"rotation": {
				"angle": -22.5,
				"axis": "y",
				"origin": [
					18.133492541825007,
					7.999999999999998,
					-5.855334004357104
				]
			},
			"faces": {
				"north": {
					"uv": [
						0,
						8.25,
						1.5,
						11
					],
					"texture": "#0"
				},
				"east": {
					"uv": [
						0,
						0,
						0,
						2.75
					],
					"texture": "#0"
				},
				"south": {
					"uv": [
						8.25,
						0,
						9.75,
						2.75
					],
					"texture": "#0"
				},
				"west": {
					"uv": [
						0,
						0,
						0,
						2.75
					],
					"texture": "#0"
				},
				"up": {
					"uv": [
						1.5,
						0,
						0,
						0
					],
					"texture": "#0"
				},
				"down": {
					"uv": [
						1.5,
						0,
						0,
						0
					],
					"texture": "#0"
				}
			}
		},
		{
			"from": [
				8.000503986061462,
				2.974271525873797,
				-5.832280204017071
			],
			"to": [
				13.510362267328258,
				13.0257284741262,
				-5.832280204017071
			],
			"rotation": {
				"angle": 22.5,
				"axis": "y",
				"origin": [
					7.999999999999999,
					8,
					-5.832280204017071
				]
			},
			"faces": {
				"north": {
					"uv": [
						7,
						2.75,
						8.5,
						5.5
					],
					"texture": "#0"
				},
				"east": {
					"uv": [
						0,
						0,
						0,
						2.75
					],
					"texture": "#0"
				},
				"south": {
					"uv": [
						7.25,
						5.5,
						8.75,
						8.25
					],
					"texture": "#0"
				},
				"west": {
					"uv": [
						0,
						0,
						0,
						2.75
					],
					"texture": "#0"
				},
				"up": {
					"uv": [
						1.5,
						0,
						0,
						0
					],
					"texture": "#0"
				},
				"down": {
					"uv": [
						1.5,
						0,
						0,
						0
					],
					"texture": "#0"
				}
			}
		},
		{
			"from": [
				13.094889875146286,
				6.70898718095841,
				-8.875381848900826
			],
			"to": [
				13.094889875146286,
				9.38322802040171,
				-7.953229835299689
			],
			"rotation": {
				"angle": 0,
				"axis": "y",
				"origin": [
					8,
					8,
					8
				]
			},
			"faces": {
				"north": {
					"uv": [
						0.4375,
						9.5,
						0.4375,
						10
					],
					"texture": "#0"
				},
				"east": {
					"uv": [
						2.75,
						6.4375,
						3.1125,
						7.3125
					],
					"texture": "#0"
				},
				"south": {
					"uv": [
						0.4375,
						9.5,
						0.4375,
						10
					],
					"texture": "#0"
				},
				"west": {
					"uv": [
						0.4375,
						9.5,
						0.6124999999999998,
						10
					],
					"texture": "#0"
				},
				"up": {
					"uv": [
						0.4375,
						9.5,
						0.4375,
						9.675
					],
					"texture": "#0"
				},
				"down": {
					"uv": [
						0.4375,
						9.5,
						0.4375,
						9.675
					],
					"texture": "#0"
				}
			}
		},
		{
			"from": [
				13.094889875146286,
				6.70898718095841,
				-13.879050368717387
			],
			"to": [
				13.094889875146286,
				9.38322802040171,
				-12.956898355116248
			],
			"rotation": {
				"angle": 0,
				"axis": "y",
				"origin": [
					8,
					8,
					-39.975952353629594
				]
			},
			"faces": {
				"north": {
					"uv": [
						0.4375,
						9.5,
						0.4375,
						10
					],
					"texture": "#0"
				},
				"east": {
					"uv": [
						3.1125,
						6.4375,
						2.75,
						7.3125
					],
					"texture": "#0"
				},
				"south": {
					"uv": [
						0.4375,
						9.5,
						0.4375,
						10
					],
					"texture": "#0"
				},
				"west": {
					"uv": [
						0.6124999999999998,
						9.5,
						0.4375,
						10
					],
					"texture": "#0"
				},
				"up": {
					"uv": [
						0.4375,
						9.675,
						0.4375,
						9.5
					],
					"texture": "#0"
				},
				"down": {
					"uv": [
						0.4375,
						9.675,
						0.4375,
						9.5
					],
					"texture": "#0"
				}
			}
		}
	],
	"display": {
		"head": {
			"rotation": [
				0,
				180,
				0
			]
		}
	}
}