{
	"textures": {
		"0": "ddo:item/blocks/spawner/spawnertxt"
	},
	"elements": [
		{
			"from": [
				7.5,
				4.000000000000001,
				7.726136363636357
			],
			"to": [
				8.5,
				10,
				8.726136363636357
			],
			"rotation": {
				"angle": 0,
				"axis": "y",
				"origin": [
					7.5,
					4.000000000000001,
					17.726136363636357
				]
			},
			"faces": {
				"north": {
					"uv": [
						8.5,
						2.75,
						8.75,
						4.25
					],
					"texture": "#0"
				},
				"east": {
					"uv": [
						8.5,
						8.25,
						8.75,
						9.75
					],
					"texture": "#0"
				},
				"south": {
					"uv": [
						8.75,
						2.75,
						9,
						4.25
					],
					"texture": "#0"
				},
				"west": {
					"uv": [
						8.75,
						4.25,
						9,
						5.75
					],
					"texture": "#0"
				},
				"up": {
					"uv": [
						10,
						2.75,
						9.75,
						2.5
					],
					"texture": "#0"
				},
				"down": {
					"uv": [
						11.5,
						6.5,
						11.25,
						6.75
					],
					"texture": "#0"
				}
			}
		},
		{
			"from": [
				7.5,
				5.000000000000001,
				8.726136363636357
			],
			"to": [
				8.5,
				10,
				9.726136363636357
			],
			"rotation": {
				"angle": 0,
				"axis": "y",
				"origin": [
					7.5,
					4.000000000000001,
					17.726136363636357
				]
			},
			"faces": {
				"north": {
					"uv": [
						8.75,
						5.75,
						9,
						7.25
					],
					"texture": "#0"
				},
				"east": {
					"uv": [
						8.75,
						7.25,
						9,
						8.75
					],
					"texture": "#0"
				},
				"south": {
					"uv": [
						8.75,
						8.75,
						9,
						10.25
					],
					"texture": "#0"
				},
				"west": {
					"uv": [
						9,
						2.75,
						9.25,
						4.25
					],
					"texture": "#0"
				},
				"up": {
					"uv": [
						7,
						11.5,
						6.75,
						11.25
					],
					"texture": "#0"
				},
				"down": {
					"uv": [
						11.5,
						6.75,
						11.25,
						7
					],
					"texture": "#0"
				}
			}
		},
		{
			"from": [
				7.5,
				6.000000000000001,
				9.726136363636353
			],
			"to": [
				8.5,
				10,
				10.726136363636357
			],
			"rotation": {
				"angle": 0,
				"axis": "y",
				"origin": [
					7.5,
					4.000000000000001,
					17.726136363636357
				]
			},
			"faces": {
				"north": {
					"uv": [
						8.5,
						4.25,
						8.75,
						5.5
					],
					"texture": "#0"
				},
				"east": {
					"uv": [
						3,
						9.5,
						3.25,
						10.75
					],
					"texture": "#0"
				},
				"south": {
					"uv": [
						3.25,
						9.5,
						3.5,
						10.75
					],
					"texture": "#0"
				},
				"west": {
					"uv": [
						3.5,
						9.5,
						3.75,
						10.75
					],
					"texture": "#0"
				},
				"up": {
					"uv": [
						7.25,
						11.5,
						7,
						11.25
					],
					"texture": "#0"
				},
				"down": {
					"uv": [
						8.25,
						11.25,
						8,
						11.5
					],
					"texture": "#0"
				}
			}
		},
		{
			"from": [
				7.5,
				4.000000000000001,
				6.726136363636364
			],
			"to": [
				8.5,
				10,
				7.726136363636364
			],
			"rotation": {
				"angle": 0,
				"axis": "y",
				"origin": [
					7.5,
					4.000000000000001,
					17.726136363636357
				]
			},
			"faces": {
				"north": {
					"uv": [
						4,
						9,
						4.25,
						10.5
					],
					"texture": "#0"
				},
				"east": {
					"uv": [
						4.25,
						9,
						4.5,
						10.5
					],
					"texture": "#0"
				},
				"south": {
					"uv": [
						9,
						4.25,
						9.25,
						5.75
					],
					"texture": "#0"
				},
				"west": {
					"uv": [
						4.5,
						9,
						4.75,
						10.5
					],
					"texture": "#0"
				},
				"up": {
					"uv": [
						11.5,
						9.75,
						11.25,
						9.5
					],
					"texture": "#0"
				},
				"down": {
					"uv": [
						10,
						11.25,
						9.75,
						11.5
					],
					"texture": "#0"
				}
			}
		},
		{
			"from": [
				7.5,
				6.000000000000001,
				5.751136363636366
			],
			"to": [
				8.5,
				10,
				6.726136363636368
			],
			"rotation": {
				"angle": 0,
				"axis": "y",
				"origin": [
					7.5,
					4.000000000000001,
					17.726136363636357
				]
			},
			"faces": {
				"north": {
					"uv": [
						3.75,
						9.5,
						4,
						10.75
					],
					"texture": "#0"
				},
				"east": {
					"uv": [
						9,
						9.5,
						9.25,
						10.75
					],
					"texture": "#0"
				},
				"south": {
					"uv": [
						9.25,
						9.5,
						9.5,
						10.75
					],
					"texture": "#0"
				},
				"west": {
					"uv": [
						9.5,
						9.5,
						9.75,
						10.75
					],
					"texture": "#0"
				},
				"up": {
					"uv": [
						10.25,
						11.5,
						10,
						11.25
					],
					"texture": "#0"
				},
				"down": {
					"uv": [
						11.5,
						10.75,
						11.25,
						11
					],
					"texture": "#0"
				}
			}
		},
		{
			"from": [
				7.5,
				9.99999999999999,
				6.726136363636357
			],
			"to": [
				8.5,
				10.999999999999986,
				9.726136363636357
			],
			"rotation": {
				"angle": 0,
				"axis": "y",
				"origin": [
					7.5,
					-13,
					4.726136363636357
				]
			},
			"faces": {
				"north": {
					"uv": [
						11.5,
						11.25,
						11.25,
						11.5
					],
					"rotation": 180,
					"texture": "#0"
				},
				"east": {
					"uv": [
						10.5,
						8.25,
						10.75,
						9
					],
					"rotation": 270,
					"texture": "#0"
				},
				"south": {
					"uv": [
						11.5,
						11.25,
						11.25,
						11
					],
					"texture": "#0"
				},
				"west": {
					"uv": [
						10.5,
						9,
						10.75,
						9.75
					],
					"rotation": 90,
					"texture": "#0"
				},
				"up": {
					"uv": [
						10.5,
						7.5,
						10.75,
						8.25
					],
					"rotation": 180,
					"texture": "#0"
				},
				"down": {
					"uv": [
						8.5,
						10.5,
						8.75,
						11.25
					],
					"texture": "#0"
				}
			}
		},
		{
			"from": [
				6.9,
				7.000000000000001,
				5.726136363636366
			],
			"to": [
				9.1,
				9,
				6.726136363636368
			],
			"rotation": {
				"angle": 0,
				"axis": "y",
				"origin": [
					7.5,
					4.000000000000001,
					17.726136363636357
				]
			},
			"faces": {
				"north": {
					"uv": [
						10.5,
						0.5,
						11.0625,
						1
					],
					"texture": "#0"
				},
				"east": {
					"uv": [
						9.75,
						10.75,
						10,
						11.25
					],
					"texture": "#0"
				},
				"south": {
					"uv": [
						10.5,
						1,
						11.0625,
						1.5
					],
					"texture": "#0"
				},
				"west": {
					"uv": [
						10,
						10.75,
						10.25,
						11.25
					],
					"texture": "#0"
				},
				"up": {
					"uv": [
						11.3125,
						7.5,
						10.75,
						7.25
					],
					"texture": "#0"
				},
				"down": {
					"uv": [
						11.3125,
						7.5,
						10.75,
						7.75
					],
					"texture": "#0"
				}
			}
		},
		{
			"from": [
				6.9,
				9,
				6.726136363636366
			],
			"to": [
				9.1,
				10,
				7.726136363636368
			],
			"rotation": {
				"angle": 0,
				"axis": "y",
				"origin": [
					7.5,
					4.000000000000001,
					17.726136363636357
				]
			},
			"faces": {
				"north": {
					"uv": [
						10.75,
						7.75,
						11.3125,
						8
					],
					"texture": "#0"
				},
				"east": {
					"uv": [
						10,
						5.5,
						10.5,
						5.75
					],
					"texture": "#0"
				},
				"south": {
					"uv": [
						10.75,
						8,
						11.3125,
						8.25
					],
					"texture": "#0"
				},
				"west": {
					"uv": [
						10.75,
						9.5,
						11.25,
						9.75
					],
					"texture": "#0"
				},
				"up": {
					"uv": [
						11.0625,
						2,
						10.5,
						1.5
					],
					"texture": "#0"
				},
				"down": {
					"uv": [
						11.0625,
						2,
						10.5,
						2.5
					],
					"texture": "#0"
				}
			}
		},
		{
			"from": [
				6.9,
				9,
				7.726136363636357
			],
			"to": [
				9.1,
				10,
				9.726136363636364
			],
			"rotation": {
				"angle": 0,
				"axis": "y",
				"origin": [
					7.5,
					4.000000000000001,
					17.726136363636357
				]
			},
			"faces": {
				"north": {
					"uv": [
						10.75,
						8.25,
						11.3125,
						8.5
					],
					"texture": "#0"
				},
				"east": {
					"uv": [
						10.25,
						10.75,
						10.75,
						11
					],
					"texture": "#0"
				},
				"south": {
					"uv": [
						10.75,
						8.5,
						11.3125,
						8.75
					],
					"texture": "#0"
				},
				"west": {
					"uv": [
						10.75,
						10.75,
						11.25,
						11
					],
					"texture": "#0"
				},
				"up": {
					"uv": [
						4.5625,
						11,
						4,
						10.5
					],
					"texture": "#0"
				},
				"down": {
					"uv": [
						11.0625,
						5.5,
						10.5,
						6
					],
					"texture": "#0"
				}
			}
		},
		{
			"from": [
				6.9,
				6.000000000000001,
				6.726136363636368
			],
			"to": [
				9.1,
				9,
				9.726136363636368
			],
			"rotation": {
				"angle": 0,
				"axis": "y",
				"origin": [
					7.5,
					4.000000000000001,
					17.726136363636357
				]
			},
			"faces": {
				"north": {
					"uv": [
						5.5,
						8.25,
						6.0625,
						9
					],
					"texture": "#0"
				},
				"east": {
					"uv": [
						4,
						8.25,
						4.75,
						9
					],
					"texture": "#0"
				},
				"south": {
					"uv": [
						6.25,
						8.25,
						6.8125,
						9
					],
					"texture": "#0"
				},
				"west": {
					"uv": [
						4.75,
						8.25,
						5.5,
						9
					],
					"texture": "#0"
				},
				"up": {
					"uv": [
						7.5625,
						9,
						7,
						8.25
					],
					"texture": "#0"
				},
				"down": {
					"uv": [
						8.3125,
						8.25,
						7.75,
						9
					],
					"texture": "#0"
				}
			}
		},
		{
			"from": [
				6.9,
				5.000000000000001,
				7.726136363636368
			],
			"to": [
				9.1,
				5.999999999999999,
				8.726136363636368
			],
			"rotation": {
				"angle": 0,
				"axis": "y",
				"origin": [
					7.5,
					4.000000000000001,
					17.726136363636357
				]
			},
			"faces": {
				"north": {
					"uv": [
						10.75,
						8.75,
						11.3125,
						9
					],
					"texture": "#0"
				},
				"east": {
					"uv": [
						0,
						11.5,
						0.25,
						11.75
					],
					"texture": "#0"
				},
				"south": {
					"uv": [
						9,
						10.75,
						9.5625,
						11
					],
					"texture": "#0"
				},
				"west": {
					"uv": [
						11.5,
						0,
						11.75,
						0.25
					],
					"texture": "#0"
				},
				"up": {
					"uv": [
						11.3125,
						9.25,
						10.75,
						9
					],
					"texture": "#0"
				},
				"down": {
					"uv": [
						11.3125,
						9.25,
						10.75,
						9.5
					],
					"texture": "#0"
				}
			}
		}
	],
	"display": {
		"head": {
			"rotation": [
				0,
				180,
				0
			]
		}
	}
}