{
	"textures": {
		"0": "ddo:item/blocks/spawner/spawnertxt"
	},
	"elements": [
		{
			"from": [
				11,
				18.700000000000003,
				11
			],
			"to": [
				15.999999999999998,
				19.3,
				16
			],
			"rotation": {
				"angle": 0,
				"axis": "y",
				"origin": [
					8,
					8,
					8
				]
			},
			"faces": {
				"north": {
					"uv": [
						10.5,
						9.75,
						11.75,
						9.875
					],
					"texture": "#0"
				},
				"east": {
					"uv": [
						10.5,
						10,
						11.75,
						10.125
					],
					"texture": "#0"
				},
				"south": {
					"uv": [
						10.5,
						10.25,
						11.75,
						10.375
					],
					"texture": "#0"
				},
				"west": {
					"uv": [
						10.5,
						10.5,
						11.75,
						10.625
					],
					"texture": "#0"
				},
				"up": {
					"uv": [
						2.75,
						9.5,
						1.5,
						8.25
					],
					"texture": "#0"
				},
				"down": {
					"uv": [
						4,
						8.25,
						2.75,
						9.5
					],
					"texture": "#0"
				}
			}
		}
	],
	"display": {
		"head": {
			"rotation": [
				0,
				180,
				0
			]
		}
	}
}