{
	"textures": {
		"0": "ddo:item/blocks/spawner/spawnertxt"
	},
	"elements": [
		{
			"from": [
				7.6000000000000005,
				7.449999999999996,
				7.6
			],
			"to": [
				8.4,
				8.549999999999997,
				8.4
			],
			"rotation": {
				"angle": 0,
				"axis": "y",
				"origin": [
					-0.1999999999999993,
					-3.550000000000006,
					5.3999999999999995
				]
			},
			"faces": {
				"north": {
					"uv": [
						11.5,
						2,
						11.6875,
						2.25
					],
					"texture": "#0"
				},
				"east": {
					"uv": [
						11.5,
						2.25,
						11.6875,
						2.5
					],
					"texture": "#0"
				},
				"south": {
					"uv": [
						11.5,
						2.5,
						11.6875,
						2.75
					],
					"texture": "#0"
				},
				"west": {
					"uv": [
						11.5,
						2.75,
						11.6875,
						3
					],
					"texture": "#0"
				},
				"up": {
					"uv": [
						9.6875,
						11.6875,
						9.5,
						11.5
					],
					"texture": "#0"
				},
				"down": {
					"uv": [
						11.6875,
						9.5,
						11.5,
						9.6875
					],
					"texture": "#0"
				}
			}
		}
	],
	"display": {
		"head": {
			"rotation": [
				0,
				180,
				0
			]
		}
	}
}