{
	"textures": {
		"0": "ddo:item/blocks/spawner/spawnertxt"
	},
	"elements": [
		{
			"from": [
				7.696000000000001,
				7.4499999999999975,
				7.503999999999998
			],
			"to": [
				8.496,
				8.549999999999999,
				8.303999999999998
			],
			"rotation": {
				"angle": 0,
				"axis": "y",
				"origin": [
					-0.0039999999999995595,
					-4.649999999999995,
					5.203999999999999
				]
			},
			"faces": {
				"north": {
					"uv": [
						6,
						11.5,
						6.1875,
						11.75
					],
					"texture": "#0"
				},
				"east": {
					"uv": [
						6.25,
						11.5,
						6.4375,
						11.75
					],
					"texture": "#0"
				},
				"south": {
					"uv": [
						6.5,
						11.5,
						6.6875,
						11.75
					],
					"texture": "#0"
				},
				"west": {
					"uv": [
						11.5,
						6.5,
						11.6875,
						6.75
					],
					"texture": "#0"
				},
				"up": {
					"uv": [
						11.1875,
						11.6875,
						11,
						11.5
					],
					"texture": "#0"
				},
				"down": {
					"uv": [
						11.6875,
						11,
						11.5,
						11.1875
					],
					"texture": "#0"
				}
			}
		}
	],
	"display": {
		"head": {
			"rotation": [
				0,
				180,
				0
			]
		}
	}
}