{
	"textures": {
		"0": "ddo:item/blocks/spawner/spawnertxt"
	},
	"elements": [
		{
			"from": [
				7.849999999999999,
				7.549999999999995,
				7.549999999999998
			],
			"to": [
				8.549999999999999,
				8.449999999999998,
				8.249999999999998
			],
			"rotation": {
				"angle": 0,
				"axis": "y",
				"origin": [
					0.24999999999999822,
					-5.649999999999995,
					5.049999999999998
				]
			},
			"faces": {
				"north": {
					"uv": [
						8.25,
						11.5,
						8.4375,
						11.75
					],
					"texture": "#0"
				},
				"east": {
					"uv": [
						11.5,
						8.25,
						11.6875,
						8.5
					],
					"texture": "#0"
				},
				"south": {
					"uv": [
						8.5,
						11.5,
						8.6875,
						11.75
					],
					"texture": "#0"
				},
				"west": {
					"uv": [
						11.5,
						8.5,
						11.6875,
						8.75
					],
					"texture": "#0"
				},
				"up": {
					"uv": [
						11.9375,
						0.4375,
						11.75,
						0.25
					],
					"texture": "#0"
				},
				"down": {
					"uv": [
						0.6875,
						11.75,
						0.5,
						11.9375
					],
					"texture": "#0"
				}
			}
		}
	],
	"display": {
		"head": {
			"rotation": [
				0,
				180,
				0
			]
		}
	}
}