{
	"textures": {
		"0": "ddo:item/blocks/spawner/spawnertxt"
	},
	"elements": [
		{
			"from": [
				7.700000000000002,
				7.800000000000001,
				7.7
			],
			"to": [
				8.300000000000002,
				8.200000000000003,
				8.3
			],
			"rotation": {
				"angle": 0,
				"axis": "y",
				"origin": [
					0.20000000000000107,
					-6.299999999999985,
					5
				]
			},
			"faces": {
				"north": {
					"uv": [
						7.75,
						12,
						7.875,
						12.125
					],
					"texture": "#0"
				},
				"east": {
					"uv": [
						0,
						12.25,
						0.125,
						12.375
					],
					"texture": "#0"
				},
				"south": {
					"uv": [
						0.25,
						12.25,
						0.375,
						12.375
					],
					"texture": "#0"
				},
				"west": {
					"uv": [
						0.5,
						12.25,
						0.625,
						12.375
					],
					"texture": "#0"
				},
				"up": {
					"uv": [
						12.375,
						2.125,
						12.25,
						2
					],
					"texture": "#0"
				},
				"down": {
					"uv": [
						12.375,
						2.25,
						12.25,
						2.375
					],
					"texture": "#0"
				}
			}
		}
	],
	"display": {
		"head": {
			"rotation": [
				0,
				180,
				0
			]
		}
	}
}