{
	"textures": {
		"0": "ddo:item/blocks/spawner/spawnertxt"
	},
	"elements": [
		{
			"from": [
				7.75,
				7.799999999999997,
				7.75
			],
			"to": [
				8.25,
				8.2,
				8.25
			],
			"rotation": {
				"angle": 0,
				"axis": "y",
				"origin": [
					0.34999999999999876,
					-6.699999999999987,
					4.85
				]
			},
			"faces": {
				"north": {
					"uv": [
						9,
						12.25,
						9.125,
						12.375
					],
					"texture": "#0"
				},
				"east": {
					"uv": [
						9.25,
						12.25,
						9.375,
						12.375
					],
					"texture": "#0"
				},
				"south": {
					"uv": [
						9.5,
						12.25,
						9.625,
						12.375
					],
					"texture": "#0"
				},
				"west": {
					"uv": [
						10,
						12.25,
						10.125,
						12.375
					],
					"texture": "#0"
				},
				"up": {
					"uv": [
						10.375,
						12.375,
						10.25,
						12.25
					],
					"texture": "#0"
				},
				"down": {
					"uv": [
						10.625,
						12.25,
						10.5,
						12.375
					],
					"texture": "#0"
				}
			}
		}
	],
	"display": {
		"head": {
			"rotation": [
				0,
				180,
				0
			]
		}
	}
}