{
	"textures": {
		"0": "ddo:item/blocks/spawner/spawnertxt"
	},
	"elements": [
		{
			"from": [
				7.6200347826086965,
				7.450000000000003,
				7.589982608695653
			],
			"to": [
				8.420034782608695,
				8.550000000000004,
				8.389982608695654
			],
			"rotation": {
				"angle": 0,
				"axis": "y",
				"origin": [
					5.220034782608697,
					-3.549999999999999,
					5.389982608695654
				]
			},
			"faces": {
				"north": {
					"uv": [
						0.25,
						11.5,
						0.4375,
						11.75
					],
					"texture": "#0"
				},
				"east": {
					"uv": [
						11.5,
						0.25,
						11.6875,
						0.5
					],
					"texture": "#0"
				},
				"south": {
					"uv": [
						0.5,
						11.5,
						0.6875,
						11.75
					],
					"texture": "#0"
				},
				"west": {
					"uv": [
						11.5,
						0.5,
						11.6875,
						0.75
					],
					"texture": "#0"
				},
				"up": {
					"uv": [
						8.9375,
						11.6875,
						8.75,
						11.5
					],
					"texture": "#0"
				},
				"down": {
					"uv": [
						11.6875,
						8.75,
						11.5,
						8.9375
					],
					"texture": "#0"
				}
			}
		}
	],
	"display": {
		"head": {
			"rotation": [
				0,
				180,
				0
			]
		}
	}
}