{
	"textures": {
		"0": "ddo:item/blocks/spawner/spawnertxt"
	},
	"elements": [
		{
			"from": [
				7.6200347826086965,
				7.449999999999999,
				7.589982608695652
			],
			"to": [
				8.420034782608695,
				8.55,
				8.389982608695654
			],
			"rotation": {
				"angle": 0,
				"axis": "y",
				"origin": [
					5.1200347826086965,
					-4.649999999999993,
					5.289982608695652
				]
			},
			"faces": {
				"north": {
					"uv": [
						11.5,
						5.25,
						11.6875,
						5.5
					],
					"texture": "#0"
				},
				"east": {
					"uv": [
						11.5,
						5.5,
						11.6875,
						5.75
					],
					"texture": "#0"
				},
				"south": {
					"uv": [
						5.75,
						11.5,
						5.9375,
						11.75
					],
					"texture": "#0"
				},
				"west": {
					"uv": [
						11.5,
						5.75,
						11.6875,
						6
					],
					"texture": "#0"
				},
				"up": {
					"uv": [
						10.9375,
						11.6875,
						10.75,
						11.5
					],
					"texture": "#0"
				},
				"down": {
					"uv": [
						11.6875,
						10.75,
						11.5,
						10.9375
					],
					"texture": "#0"
				}
			}
		}
	],
	"display": {
		"head": {
			"rotation": [
				0,
				180,
				0
			]
		}
	}
}