{
	"textures": {
		"0": "ddo:item/blocks/spawner/spawnertxt"
	},
	"elements": [
		{
			"from": [
				7.670034782608696,
				7.5500000000000025,
				7.639982608695652
			],
			"to": [
				8.370034782608695,
				8.450000000000005,
				8.339982608695653
			],
			"rotation": {
				"angle": 0,
				"axis": "y",
				"origin": [
					4.970034782608696,
					-5.649999999999988,
					5.139982608695652
				]
			},
			"faces": {
				"north": {
					"uv": [
						6.75,
						11.5,
						6.9375,
						11.75
					],
					"texture": "#0"
				},
				"east": {
					"uv": [
						11.5,
						6.75,
						11.6875,
						7
					],
					"texture": "#0"
				},
				"south": {
					"uv": [
						7,
						11.5,
						7.1875,
						11.75
					],
					"texture": "#0"
				},
				"west": {
					"uv": [
						11.5,
						7,
						11.6875,
						7.25
					],
					"texture": "#0"
				},
				"up": {
					"uv": [
						11.4375,
						11.6875,
						11.25,
						11.5
					],
					"texture": "#0"
				},
				"down": {
					"uv": [
						11.6875,
						11.25,
						11.5,
						11.4375
					],
					"texture": "#0"
				}
			}
		}
	],
	"display": {
		"head": {
			"rotation": [
				0,
				180,
				0
			]
		}
	}
}