{
	"textures": {
		"0": "ddo:item/blocks/spawner/spawnertxt"
	},
	"elements": [
		{
			"from": [
				7.720034782608697,
				7.800000000000004,
				7.689982608695653
			],
			"to": [
				8.320034782608696,
				8.200000000000006,
				8.289982608695654
			],
			"rotation": {
				"angle": 0,
				"axis": "y",
				"origin": [
					4.820034782608697,
					-6.299999999999981,
					4.989982608695653
				]
			},
			"faces": {
				"north": {
					"uv": [
						12.25,
						6.75,
						12.375,
						6.875
					],
					"texture": "#0"
				},
				"east": {
					"uv": [
						12.25,
						7,
						12.375,
						7.125
					],
					"texture": "#0"
				},
				"south": {
					"uv": [
						7.75,
						12.25,
						7.875,
						12.375
					],
					"texture": "#0"
				},
				"west": {
					"uv": [
						8.25,
						12.25,
						8.375,
						12.375
					],
					"texture": "#0"
				},
				"up": {
					"uv": [
						8.625,
						12.375,
						8.5,
						12.25
					],
					"texture": "#0"
				},
				"down": {
					"uv": [
						8.875,
						12.25,
						8.75,
						12.375
					],
					"texture": "#0"
				}
			}
		}
	],
	"display": {
		"head": {
			"rotation": [
				0,
				180,
				0
			]
		}
	}
}