{
	"textures": {
		"0": "ddo:item/blocks/spawner/spawnertxt"
	},
	"elements": [
		{
			"from": [
				7.770034782608697,
				7.8000000000000025,
				7.739982608695653
			],
			"to": [
				8.270034782608695,
				8.200000000000005,
				8.239982608695653
			],
			"rotation": {
				"angle": 0,
				"axis": "y",
				"origin": [
					4.670034782608696,
					-6.6999999999999815,
					4.839982608695653
				]
			},
			"faces": {
				"north": {
					"uv": [
						1,
						12.5,
						1.125,
						12.625
					],
					"texture": "#0"
				},
				"east": {
					"uv": [
						1.25,
						12.5,
						1.375,
						12.625
					],
					"texture": "#0"
				},
				"south": {
					"uv": [
						1.5,
						12.5,
						1.625,
						12.625
					],
					"texture": "#0"
				},
				"west": {
					"uv": [
						1.75,
						12.5,
						1.875,
						12.625
					],
					"texture": "#0"
				},
				"up": {
					"uv": [
						2.125,
						12.625,
						2,
						12.5
					],
					"texture": "#0"
				},
				"down": {
					"uv": [
						12.625,
						2,
						12.5,
						2.125
					],
					"texture": "#0"
				}
			}
		}
	],
	"display": {
		"head": {
			"rotation": [
				0,
				180,
				0
			]
		}
	}
}