{
	"textures": {
		"0": "ddo:item/blocks/spawner/spawnertxt"
	},
	"elements": [
		{
			"from": [
				7.620034782608696,
				7.450000000000003,
				7.589982608695655
			],
			"to": [
				8.420034782608695,
				8.550000000000004,
				8.389982608695655
			],
			"rotation": {
				"angle": 0,
				"axis": "y",
				"origin": [
					-0.17996521739130422,
					-3.549999999999999,
					-0.4100173913043452
				]
			},
			"faces": {
				"north": {
					"uv": [
						0.75,
						11.5,
						0.9375,
						11.75
					],
					"texture": "#0"
				},
				"east": {
					"uv": [
						11.5,
						0.75,
						11.6875,
						1
					],
					"texture": "#0"
				},
				"south": {
					"uv": [
						1,
						11.5,
						1.1875,
						11.75
					],
					"texture": "#0"
				},
				"west": {
					"uv": [
						11.5,
						1,
						11.6875,
						1.25
					],
					"texture": "#0"
				},
				"up": {
					"uv": [
						9.1875,
						11.6875,
						9,
						11.5
					],
					"texture": "#0"
				},
				"down": {
					"uv": [
						11.6875,
						9,
						11.5,
						9.1875
					],
					"texture": "#0"
				}
			}
		}
	],
	"display": {
		"head": {
			"rotation": [
				0,
				180,
				0
			]
		}
	}
}