{
	"textures": {
		"0": "ddo:item/blocks/spawner/spawnertxt"
	},
	"elements": [
		{
			"from": [
				7.620034782608696,
				7.450000000000001,
				7.5899826086956566
			],
			"to": [
				8.420034782608695,
				8.550000000000002,
				8.389982608695657
			],
			"rotation": {
				"angle": 0,
				"axis": "y",
				"origin": [
					-0.07996521739130458,
					-4.6499999999999915,
					-0.3100173913043438
				]
			},
			"faces": {
				"north": {
					"uv": [
						11.5,
						3,
						11.6875,
						3.25
					],
					"texture": "#0"
				},
				"east": {
					"uv": [
						11.5,
						3.25,
						11.6875,
						3.5
					],
					"texture": "#0"
				},
				"south": {
					"uv": [
						4,
						11.5,
						4.1875,
						11.75
					],
					"texture": "#0"
				},
				"west": {
					"uv": [
						4.25,
						11.5,
						4.4375,
						11.75
					],
					"texture": "#0"
				},
				"up": {
					"uv": [
						9.9375,
						11.6875,
						9.75,
						11.5
					],
					"texture": "#0"
				},
				"down": {
					"uv": [
						10.1875,
						11.5,
						10,
						11.6875
					],
					"texture": "#0"
				}
			}
		}
	],
	"display": {
		"head": {
			"rotation": [
				0,
				180,
				0
			]
		}
	}
}