{
	"textures": {
		"0": "ddo:item/blocks/spawner/spawnertxt"
	},
	"elements": [
		{
			"from": [
				7.6700347826086945,
				7.5500000000000025,
				7.639982608695654
			],
			"to": [
				8.370034782608695,
				8.450000000000005,
				8.339982608695655
			],
			"rotation": {
				"angle": 0,
				"axis": "y",
				"origin": [
					0.070034782608694,
					-5.649999999999988,
					-0.160017391304347
				]
			},
			"faces": {
				"north": {
					"uv": [
						7.75,
						11.5,
						7.9375,
						11.75
					],
					"texture": "#0"
				},
				"east": {
					"uv": [
						11.5,
						7.75,
						11.6875,
						8
					],
					"texture": "#0"
				},
				"south": {
					"uv": [
						8,
						11.5,
						8.1875,
						11.75
					],
					"texture": "#0"
				},
				"west": {
					"uv": [
						11.5,
						8,
						11.6875,
						8.25
					],
					"texture": "#0"
				},
				"up": {
					"uv": [
						11.9375,
						0.1875,
						11.75,
						0
					],
					"texture": "#0"
				},
				"down": {
					"uv": [
						0.4375,
						11.75,
						0.25,
						11.9375
					],
					"texture": "#0"
				}
			}
		}
	],
	"display": {
		"head": {
			"rotation": [
				0,
				180,
				0
			]
		}
	}
}