{
	"textures": {
		"0": "ddo:item/blocks/spawner/spawnertxt"
	},
	"elements": [
		{
			"from": [
				7.6000000000000005,
				7.799999999999999,
				7.799999999999999
			],
			"to": [
				8.200000000000001,
				8.200000000000001,
				8.4
			],
			"rotation": {
				"angle": 0,
				"axis": "y",
				"origin": [
					0.09999999999999964,
					-6.2999999999999865,
					0.09999999999999787
				]
			},
			"faces": {
				"north": {
					"uv": [
						12.25,
						2.5,
						12.375,
						2.625
					],
					"texture": "#0"
				},
				"east": {
					"uv": [
						12.25,
						2.75,
						12.375,
						2.875
					],
					"texture": "#0"
				},
				"south": {
					"uv": [
						12.25,
						3,
						12.375,
						3.125
					],
					"texture": "#0"
				},
				"west": {
					"uv": [
						12.25,
						3.25,
						12.375,
						3.375
					],
					"texture": "#0"
				},
				"up": {
					"uv": [
						12.375,
						3.625,
						12.25,
						3.5
					],
					"texture": "#0"
				},
				"down": {
					"uv": [
						12.375,
						3.75,
						12.25,
						3.875
					],
					"texture": "#0"
				}
			}
		}
	],
	"display": {
		"head": {
			"rotation": [
				0,
				180,
				0
			]
		}
	}
}