{
	"textures": {
		"0": "ddo:item/blocks/spawner/spawnertxt"
	},
	"elements": [
		{
			"from": [
				7.770034782608695,
				7.799999999999999,
				7.739982608695654
			],
			"to": [
				8.270034782608697,
				8.200000000000001,
				8.239982608695655
			],
			"rotation": {
				"angle": 0,
				"axis": "y",
				"origin": [
					0.3700347826086938,
					-6.699999999999985,
					0.13998260869565282
				]
			},
			"faces": {
				"north": {
					"uv": [
						10.75,
						12.25,
						10.875,
						12.375
					],
					"texture": "#0"
				},
				"east": {
					"uv": [
						11,
						12.25,
						11.125,
						12.375
					],
					"texture": "#0"
				},
				"south": {
					"uv": [
						11.25,
						12.25,
						11.375,
						12.375
					],
					"texture": "#0"
				},
				"west": {
					"uv": [
						11.5,
						12.25,
						11.625,
						12.375
					],
					"texture": "#0"
				},
				"up": {
					"uv": [
						11.875,
						12.375,
						11.75,
						12.25
					],
					"texture": "#0"
				},
				"down": {
					"uv": [
						12.375,
						11.75,
						12.25,
						11.875
					],
					"texture": "#0"
				}
			}
		}
	],
	"display": {
		"head": {
			"rotation": [
				0,
				180,
				0
			]
		}
	}
}