{
	"textures": {
		"0": "ddo:item/blocks/spawner/spawnertxt"
	},
	"elements": [
		{
			"from": [
				7.6200347826086965,
				7.4499999999999975,
				7.589982608695655
			],
			"to": [
				8.420034782608697,
				8.549999999999999,
				8.389982608695655
			],
			"rotation": {
				"angle": 0,
				"axis": "y",
				"origin": [
					5.220034782608698,
					-3.5500000000000043,
					-0.4100173913043452
				]
			},
			"faces": {
				"north": {
					"uv": [
						1.25,
						11.5,
						1.4375,
						11.75
					],
					"texture": "#0"
				},
				"east": {
					"uv": [
						11.5,
						1.25,
						11.6875,
						1.5
					],
					"texture": "#0"
				},
				"south": {
					"uv": [
						11.5,
						1.5,
						11.6875,
						1.75
					],
					"texture": "#0"
				},
				"west": {
					"uv": [
						11.5,
						1.75,
						11.6875,
						2
					],
					"texture": "#0"
				},
				"up": {
					"uv": [
						9.4375,
						11.6875,
						9.25,
						11.5
					],
					"texture": "#0"
				},
				"down": {
					"uv": [
						11.6875,
						9.25,
						11.5,
						9.4375
					],
					"texture": "#0"
				}
			}
		}
	],
	"display": {
		"head": {
			"rotation": [
				0,
				180,
				0
			]
		}
	}
}