{
	"textures": {
		"0": "ddo:item/blocks/spawner/spawnertxt"
	},
	"elements": [
		{
			"from": [
				7.6200347826086965,
				7.450000000000001,
				7.589982608695655
			],
			"to": [
				8.420034782608695,
				8.550000000000002,
				8.389982608695655
			],
			"rotation": {
				"angle": 0,
				"axis": "y",
				"origin": [
					5.1200347826086965,
					-4.6499999999999915,
					-0.3100173913043456
				]
			},
			"faces": {
				"north": {
					"uv": [
						4.5,
						11.5,
						4.6875,
						11.75
					],
					"texture": "#0"
				},
				"east": {
					"uv": [
						11.5,
						4.5,
						11.6875,
						4.75
					],
					"texture": "#0"
				},
				"south": {
					"uv": [
						11.5,
						4.75,
						11.6875,
						5
					],
					"texture": "#0"
				},
				"west": {
					"uv": [
						11.5,
						5,
						11.6875,
						5.25
					],
					"texture": "#0"
				},
				"up": {
					"uv": [
						10.4375,
						11.6875,
						10.25,
						11.5
					],
					"texture": "#0"
				},
				"down": {
					"uv": [
						10.6875,
						11.5,
						10.5,
						11.6875
					],
					"texture": "#0"
				}
			}
		}
	],
	"display": {
		"head": {
			"rotation": [
				0,
				180,
				0
			]
		}
	}
}