{
	"textures": {
		"0": "ddo:item/blocks/spawner/spawnertxt"
	},
	"elements": [
		{
			"from": [
				7.670034782608696,
				7.550000000000001,
				7.6399826086956555
			],
			"to": [
				8.370034782608696,
				8.450000000000003,
				8.339982608695657
			],
			"rotation": {
				"angle": 0,
				"axis": "y",
				"origin": [
					4.970034782608697,
					-5.64999999999999,
					-0.16001739130434522
				]
			},
			"faces": {
				"north": {
					"uv": [
						7.25,
						11.5,
						7.4375,
						11.75
					],
					"texture": "#0"
				},
				"east": {
					"uv": [
						11.5,
						7.25,
						11.6875,
						7.5
					],
					"texture": "#0"
				},
				"south": {
					"uv": [
						7.5,
						11.5,
						7.6875,
						11.75
					],
					"texture": "#0"
				},
				"west": {
					"uv": [
						11.5,
						7.5,
						11.6875,
						7.75
					],
					"texture": "#0"
				},
				"up": {
					"uv": [
						11.6875,
						11.6875,
						11.5,
						11.5
					],
					"texture": "#0"
				},
				"down": {
					"uv": [
						0.1875,
						11.75,
						0,
						11.9375
					],
					"texture": "#0"
				}
			}
		}
	],
	"display": {
		"head": {
			"rotation": [
				0,
				180,
				0
			]
		}
	}
}