{
	"textures": {
		"0": "ddo:item/blocks/spawner/spawnertxt"
	},
	"elements": [
		{
			"from": [
				10.899999999999999,
				19.099999999999987,
				15.700000000000001
			],
			"to": [
				11.5,
				19.499999999999986,
				16.300000000000004
			],
			"rotation": {
				"angle": 0,
				"axis": "y",
				"origin": [
					8,
					5,
					8
				]
			},
			"faces": {
				"north": {
					"uv": [
						12.25,
						4,
						12.375,
						4.125
					],
					"texture": "#0"
				},
				"east": {
					"uv": [
						12.25,
						4.25,
						12.375,
						4.375
					],
					"texture": "#0"
				},
				"south": {
					"uv": [
						12.25,
						4.5,
						12.375,
						4.625
					],
					"texture": "#0"
				},
				"west": {
					"uv": [
						12.25,
						4.75,
						12.375,
						4.875
					],
					"texture": "#0"
				},
				"up": {
					"uv": [
						12.375,
						5.125,
						12.25,
						5
					],
					"texture": "#0"
				},
				"down": {
					"uv": [
						12.375,
						5.25,
						12.25,
						5.375
					],
					"texture": "#0"
				}
			}
		}
	],
	"display": {
		"head": {
			"rotation": [
				0,
				180,
				0
			]
		}
	}
}