{
	"textures": {
		"0": "ddo:item/blocks/spawner/spawnertxt"
	},
	"elements": [
		{
			"from": [
				7.770034782608697,
				7.8000000000000025,
				7.739982608695653
			],
			"to": [
				8.270034782608697,
				8.200000000000005,
				8.239982608695655
			],
			"rotation": {
				"angle": 0,
				"axis": "y",
				"origin": [
					4.670034782608697,
					-6.6999999999999815,
					0.13998260869565193
				]
			},
			"faces": {
				"north": {
					"uv": [
						12,
						12.25,
						12.125,
						12.375
					],
					"texture": "#0"
				},
				"east": {
					"uv": [
						12.25,
						12.25,
						12.375,
						12.375
					],
					"texture": "#0"
				},
				"south": {
					"uv": [
						0,
						12.5,
						0.125,
						12.625
					],
					"texture": "#0"
				},
				"west": {
					"uv": [
						0.25,
						12.5,
						0.375,
						12.625
					],
					"texture": "#0"
				},
				"up": {
					"uv": [
						0.625,
						12.625,
						0.5,
						12.5
					],
					"texture": "#0"
				},
				"down": {
					"uv": [
						0.875,
						12.5,
						0.75,
						12.625
					],
					"texture": "#0"
				}
			}
		}
	],
	"display": {
		"head": {
			"rotation": [
				0,
				180,
				0
			]
		}
	}
}