{
	"textures": {
		"0": "ddo:item/blocks/spawner/spawnertxt"
	},
	"elements": [
		{
			"from": [
				7.262499999999999,
				7.300000000000001,
				7.5
			],
			"to": [
				8.737499999999999,
				8.7,
				8.5
			],
			"rotation": {
				"angle": 0,
				"axis": "z",
				"origin": [
					8.7625,
					8,
					8
				]
			},
			"faces": {
				"north": {
					"uv": [
						10.75,
						6.5,
						11.125,
						6.875
					],
					"rotation": 90,
					"texture": "#0"
				},
				"east": {
					"uv": [
						11.5,
						5.5,
						11.25,
						5.875
					],
					"texture": "#0"
				},
				"south": {
					"uv": [
						6.75,
						10.75,
						7.125,
						11.125
					],
					"rotation": 270,
					"texture": "#0"
				},
				"west": {
					"uv": [
						5.75,
						11.625,
						5.5,
						11.25
					],
					"rotation": 180,
					"texture": "#0"
				},
				"up": {
					"uv": [
						5.25,
						11.25,
						5.5,
						11.625
					],
					"rotation": 270,
					"texture": "#0"
				},
				"down": {
					"uv": [
						11.25,
						5,
						11.5,
						5.375
					],
					"rotation": 270,
					"texture": "#0"
				}
			}
		}
	],
	"display": {
		"head": {
			"rotation": [
				0,
				180,
				0
			]
		}
	}
}