{
	"textures": {
		"0": "ddo:item/blocks/spawner/spawnertxt"
	},
	"elements": [
		{
			"from": [
				8.66725602361463,
				7.148406114799062,
				7.300000000000001
			],
			"to": [
				9.66725602361463,
				7.648406114799062,
				8.7
			],
			"rotation": {
				"angle": 22.5,
				"axis": "z",
				"origin": [
					7.167256023614629,
					5.948406114799061,
					8
				]
			},
			"faces": {
				"north": {
					"uv": [
						11.25,
						0,
						11.5,
						0.375
					],
					"texture": "#0"
				},
				"east": {
					"uv": [
						3.5,
						10.75,
						3.875,
						11.125
					],
					"texture": "#0"
				},
				"south": {
					"uv": [
						11.25,
						0.5,
						11.5,
						0.875
					],
					"texture": "#0"
				},
				"west": {
					"uv": [
						10.75,
						3.5,
						11.125,
						3.875
					],
					"texture": "#0"
				},
				"up": {
					"uv": [
						11.5,
						1.375,
						11.25,
						1
					],
					"texture": "#0"
				},
				"down": {
					"uv": [
						1.75,
						11.25,
						1.5,
						11.625
					],
					"texture": "#0"
				}
			}
		}
	],
	"display": {
		"head": {
			"rotation": [
				0,
				180,
				0
			]
		}
	}
}