{
	"textures": {
		"0": "ddo:item/blocks/spawner/spawnertxt"
	},
	"elements": [
		{
			"from": [
				6.33274397638537,
				7.1484061147990605,
				7.300000000000001
			],
			"to": [
				7.33274397638537,
				7.6484061147990605,
				8.7
			],
			"rotation": {
				"angle": -22.5,
				"axis": "z",
				"origin": [
					8.832743976385371,
					5.9484061147990595,
					8
				]
			},
			"faces": {
				"north": {
					"uv": [
						4.5,
						11,
						4.75,
						11.375
					],
					"texture": "#0"
				},
				"east": {
					"uv": [
						1.5,
						10.75,
						1.875,
						11.125
					],
					"texture": "#0"
				},
				"south": {
					"uv": [
						7.25,
						11,
						7.5,
						11.375
					],
					"texture": "#0"
				},
				"west": {
					"uv": [
						2,
						10.75,
						2.375,
						11.125
					],
					"texture": "#0"
				},
				"up": {
					"uv": [
						7.75,
						11.375,
						7.5,
						11
					],
					"texture": "#0"
				},
				"down": {
					"uv": [
						8,
						11,
						7.75,
						11.375
					],
					"texture": "#0"
				}
			}
		}
	],
	"display": {
		"head": {
			"rotation": [
				0,
				180,
				0
			]
		}
	}
}