{
	"textures": {
		"0": "ddo:item/blocks/spawner/spawnertxt"
	},
	"elements": [
		{
			"from": [
				7.653870712191139,
				6.754322120014248,
				7.300000000000001
			],
			"to": [
				8.65387071219114,
				8.254322120014248,
				8.7
			],
			"rotation": {
				"angle": 22.5,
				"axis": "z",
				"origin": [
					6.153870712191139,
					7.0543221200142465,
					8
				]
			},
			"faces": {
				"north": {
					"uv": [
						8.75,
						11,
						9,
						11.375
					],
					"texture": "#0"
				},
				"east": {
					"uv": [
						2.5,
						10.75,
						2.875,
						11.125
					],
					"texture": "#0"
				},
				"south": {
					"uv": [
						9,
						11,
						9.25,
						11.375
					],
					"texture": "#0"
				},
				"west": {
					"uv": [
						10.75,
						2.5,
						11.125,
						2.875
					],
					"texture": "#0"
				},
				"up": {
					"uv": [
						9.5,
						11.375,
						9.25,
						11
					],
					"texture": "#0"
				},
				"down": {
					"uv": [
						9.75,
						11,
						9.5,
						11.375
					],
					"texture": "#0"
				}
			}
		}
	],
	"display": {
		"head": {
			"rotation": [
				0,
				180,
				0
			]
		}
	}
}