{
	"textures": {
		"0": "ddo:item/blocks/spawner/spawnertxt"
	},
	"elements": [
		{
			"from": [
				7.346129287808861,
				6.754322120014248,
				7.300000000000001
			],
			"to": [
				8.34612928780886,
				8.254322120014248,
				8.7
			],
			"rotation": {
				"angle": -22.5,
				"axis": "z",
				"origin": [
					9.84612928780886,
					7.0543221200142465,
					8
				]
			},
			"faces": {
				"north": {
					"uv": [
						10.25,
						11,
						10.5,
						11.375
					],
					"texture": "#0"
				},
				"east": {
					"uv": [
						3,
						10.75,
						3.375,
						11.125
					],
					"texture": "#0"
				},
				"south": {
					"uv": [
						10.5,
						11,
						10.75,
						11.375
					],
					"texture": "#0"
				},
				"west": {
					"uv": [
						10.75,
						3,
						11.125,
						3.375
					],
					"texture": "#0"
				},
				"up": {
					"uv": [
						11,
						11.375,
						10.75,
						11
					],
					"texture": "#0"
				},
				"down": {
					"uv": [
						11.25,
						11,
						11,
						11.375
					],
					"texture": "#0"
				}
			}
		}
	],
	"display": {
		"head": {
			"rotation": [
				0,
				180,
				0
			]
		}
	}
}