{
	"textures": {
		"0": "ddo:item/blocks/spawner/spawnertxt"
	},
	"elements": [
		{
			"from": [
				7.5,
				7.250000000000001,
				7.300000000000001
			],
			"to": [
				8.5,
				8.75,
				8.7
			],
			"rotation": {
				"angle": 0,
				"axis": "y",
				"origin": [
					8,
					6.250000000000002,
					8
				]
			},
			"faces": {
				"north": {
					"uv": [
						11.25,
						1.5,
						11.5,
						1.875
					],
					"texture": "#0"
				},
				"east": {
					"uv": [
						10.75,
						4,
						11.125,
						4.375
					],
					"texture": "#0"
				},
				"south": {
					"uv": [
						1.75,
						11.25,
						2,
						11.625
					],
					"texture": "#0"
				},
				"west": {
					"uv": [
						10.75,
						4.5,
						11.125,
						4.875
					],
					"texture": "#0"
				},
				"up": {
					"uv": [
						2.25,
						11.625,
						2,
						11.25
					],
					"texture": "#0"
				},
				"down": {
					"uv": [
						11.5,
						2,
						11.25,
						2.375
					],
					"texture": "#0"
				}
			}
		}
	],
	"display": {
		"head": {
			"rotation": [
				0,
				180,
				0
			]
		}
	}
}