{
	"textures": {
		"0": "ddo:item/blocks/spawner/spawnertxt"
	},
	"elements": [
		{
			"from": [
				7.5,
				7.25,
				7.300000000000001
			],
			"to": [
				8.5,
				8.75,
				8.7
			],
			"rotation": {
				"angle": 0,
				"axis": "y",
				"origin": [
					7.999999999999998,
					6.25,
					8
				]
			},
			"faces": {
				"north": {
					"uv": [
						2.25,
						11.25,
						2.5,
						11.625
					],
					"texture": "#0"
				},
				"east": {
					"uv": [
						4.75,
						10.75,
						5.125,
						11.125
					],
					"texture": "#0"
				},
				"south": {
					"uv": [
						2.5,
						11.25,
						2.75,
						11.625
					],
					"texture": "#0"
				},
				"west": {
					"uv": [
						10.75,
						5,
						11.125,
						5.375
					],
					"texture": "#0"
				},
				"up": {
					"uv": [
						11.5,
						2.875,
						11.25,
						2.5
					],
					"texture": "#0"
				},
				"down": {
					"uv": [
						3,
						11.25,
						2.75,
						11.625
					],
					"texture": "#0"
				}
			}
		}
	],
	"display": {
		"head": {
			"rotation": [
				0,
				180,
				0
			]
		}
	}
}