{
	"textures": {
		"0": "ddo:item/blocks/spawner/spawnertxt"
	},
	"elements": [
		{
			"from": [
				7.5,
				7.250000000000001,
				7.300000000000001
			],
			"to": [
				8.5,
				8.75,
				8.7
			],
			"rotation": {
				"angle": 0,
				"axis": "y",
				"origin": [
					8,
					5.750000000000001,
					8
				]
			},
			"faces": {
				"north": {
					"uv": [
						3,
						11.25,
						3.25,
						11.625
					],
					"texture": "#0"
				},
				"east": {
					"uv": [
						5.25,
						10.75,
						5.625,
						11.125
					],
					"texture": "#0"
				},
				"south": {
					"uv": [
						11.25,
						3,
						11.5,
						3.375
					],
					"texture": "#0"
				},
				"west": {
					"uv": [
						5.75,
						10.75,
						6.125,
						11.125
					],
					"texture": "#0"
				},
				"up": {
					"uv": [
						3.5,
						11.625,
						3.25,
						11.25
					],
					"texture": "#0"
				},
				"down": {
					"uv": [
						3.75,
						11.25,
						3.5,
						11.625
					],
					"texture": "#0"
				}
			}
		}
	],
	"display": {
		"head": {
			"rotation": [
				0,
				180,
				0
			]
		}
	}
}