{
	"textures": {
		"0": "ddo:item/blocks/spawner/spawnertxt"
	},
	"elements": [
		{
			"from": [
				7.5,
				7.25,
				7.300000000000001
			],
			"to": [
				8.5,
				8.75,
				8.7
			],
			"rotation": {
				"angle": 0,
				"axis": "y",
				"origin": [
					7.999999999999998,
					5.75,
					8
				]
			},
			"faces": {
				"north": {
					"uv": [
						3.75,
						11.25,
						4,
						11.625
					],
					"texture": "#0"
				},
				"east": {
					"uv": [
						10.75,
						6,
						11.125,
						6.375
					],
					"texture": "#0"
				},
				"south": {
					"uv": [
						11.25,
						4.5,
						11.5,
						4.875
					],
					"texture": "#0"
				},
				"west": {
					"uv": [
						6.25,
						10.75,
						6.625,
						11.125
					],
					"texture": "#0"
				},
				"up": {
					"uv": [
						5,
						11.625,
						4.75,
						11.25
					],
					"texture": "#0"
				},
				"down": {
					"uv": [
						5.25,
						11.25,
						5,
						11.625
					],
					"texture": "#0"
				}
			}
		}
	],
	"display": {
		"head": {
			"rotation": [
				0,
				180,
				0
			]
		}
	}
}