{
	"textures": {
		"0": "ddo:item/blocks/spawner/spawnertxt"
	},
	"elements": [
		{
			"from": [
				7.3375,
				7.500000000000001,
				7.300000000000001
			],
			"to": [
				8.6625,
				8.5,
				8.7
			],
			"rotation": {
				"angle": 0,
				"axis": "y",
				"origin": [
					11.162499999999996,
					9,
					8
				]
			},
			"faces": {
				"north": {
					"uv": [
						6.25,
						11.25,
						6.5625,
						11.5
					],
					"texture": "#0"
				},
				"east": {
					"uv": [
						11.25,
						4,
						11.625,
						4.25
					],
					"texture": "#0"
				},
				"south": {
					"uv": [
						11.25,
						6.25,
						11.5625,
						6.5
					],
					"texture": "#0"
				},
				"west": {
					"uv": [
						11.25,
						4.25,
						11.625,
						4.5
					],
					"texture": "#0"
				},
				"up": {
					"uv": [
						1.3125,
						11.375,
						1,
						11
					],
					"texture": "#0"
				},
				"down": {
					"uv": [
						4.3125,
						11,
						4,
						11.375
					],
					"texture": "#0"
				}
			}
		}
	],
	"display": {
		"head": {
			"rotation": [
				0,
				180,
				0
			]
		}
	}
}