[
    {
      "function": "minecraft:set_attributes",
      "modifiers": [
        {
          "attribute": "minecraft:generic.attack_speed",
          "name": "generic.attack_speed",
          "amount": -2.6,
          "operation": "addition",
          "slot": "mainhand"
        },
        {
          "attribute": "minecraft:generic.armor",
          "name": "generic.armor",
          "amount": 4,
          "operation": "addition",
          "slot": "mainhand"
        },
        {
          "attribute": "minecraft:generic.armor",
          "name": "generic.armor",
          "amount": 4,
          "operation": "addition",
          "slot": "offhand"
        },
        {
          "attribute": "minecraft:generic.attack_damage",
          "name": "generic.attack_damage",
          "amount": 5,
          "operation": "addition",
          "slot": "mainhand"
        }
      ]
    },
    {
      "function": "minecraft:set_nbt",
      "tag": "{esitem:ceremony,esitemgroup:heirloomwep,es.augslots:0,es.customauggable:true,CustomModelData:410041,Unbreakable:1b,es.ha.melee:1b,HideFlags:2}"
    },
    {
      "function": "minecraft:set_lore",
      "entity": "this",
      "lore": [
        {
          "translate": "item.essrpg.heirloom.ceremony.lore.0"
        },
        {
          "translate": "item.essrpg.heirloom.ceremony.lore.1"
        },
        {
          "translate": "item.essrpg.heirloom.ceremony.lore.2"
        },
        {
          "translate": "item.essrpg.heirloom.ceremony.lore.3"
        },
        {
          "translate": "item.essrpg.heirloom.ceremony.lore.4"
        },
        {
          "translate": "item.essrpg.heirloom.ceremony.lore.5"
        },
        {
          "translate": "item.essrpg.heirloom.ceremony.lore.6",
          "color": "gray",
          "italic": false
        },
        {
          "translate": "item.essrpg.heirloom.ceremony.lore.7",
          "color": "blue",
          "italic": false
        },
        {
          "translate": "item.essrpg.heirloom.ceremony.lore.8",
          "color": "gray",
          "italic": false
        },
        {
          "translate": "item.essrpg.heirloom.ceremony.lore.9",
          "color": "dark_green",
          "italic": false
        },
        {
          "translate": "item.essrpg.heirloom.ceremony.lore.10",
          "color": "dark_green",
          "italic": false
        },
        [
          {
            "text": "c ",
            "color": "white",
            "font": "erpg:sigicon",
            "italic": false
          },
          {
            "translate": "item.essrpg.packsig",
            "color": "gold",
            "font": "minecraft:default",
            "italic": true
          }
        ]
      ]
    }
  ]