[
    {
      "function": "minecraft:set_nbt",
      "tag": "{esitem:hunt,esitemgroup:heirloomwep,es.augslots:0,es.customauggable:true,es.arrowconserve:1b,es.arrow_dmg_base_overrided:1b,CustomModelData:410001,Unbreakable:1b}"
    },
    {
      "function": "minecraft:set_lore",
      "entity": "this",
      "lore": [
        {
          "translate": "item.essrpg.heirloom.hunt.lore.0"
        },
        {
          "translate": "item.essrpg.heirloom.hunt.lore.1"
        },
        {
          "translate": "item.essrpg.heirloom.hunt.lore.2"
        },
        {
          "translate": "item.essrpg.heirloom.hunt.lore.3"
        },
        {
          "translate": "item.essrpg.heirloom.hunt.lore.4"
        },
        {
          "translate": "item.essrpg.heirloom.hunt.lore.5"
        },
        {
          "translate": "item.essrpg.heirloom.hunt.lore.6",
          "color": "gray",
          "italic": false
        },
        {
          "translate": "item.essrpg.heirloom.hunt.lore.7",
          "color": "green",
          "italic": false
        },
        {
          "translate": "item.essrpg.heirloom.hunt.lore.8",
          "color": "red",
          "italic": false
        },
        [
          {
            "text": "c ",
            "color": "white",
            "font": "erpg:sigicon",
            "italic": false
          },
          {
            "translate": "item.essrpg.packsig",
            "color": "gold",
            "font": "minecraft:default",
            "italic": true
          }
        ]
      ]
    }
  ]
  