[
    {
      "function": "minecraft:set_nbt",
      "tag": "{esitem:singe,esitemgroup:heirloomwep,es.augslots:0,es.customauggable:true,CustomModelData:410042,Unbreakable:1b,es.ha.m:{type:0b}}"
    },
    {
      "function": "minecraft:set_lore",
      "entity": "this",
      "lore": [
        {
          "translate": "item.essrpg.heirloom.singe.lore.0"
        },
        {
          "translate": "item.essrpg.heirloom.singe.lore.1"
        },
        {
          "translate": "item.essrpg.heirloom.singe.lore.2"
        },
        {
          "translate": "item.essrpg.heirloom.singe.lore.3"
        },
        {
          "translate": "item.essrpg.heirloom.singe.lore.4"
        },
        {
          "translate": "item.essrpg.heirloom.singe.lore.5",
          "color": "gray",
          "italic": false
        },
        {
          "translate": "item.essrpg.heirloom.singe.lore.6",
          "color": "dark_green",
          "italic": false
        },
        {
          "translate": "item.essrpg.heirloom.singe.lore.7",
          "color": "dark_green",
          "italic": false
        },
        {
          "translate": "item.essrpg.heirloom.singe.lore.8",
          "color": "dark_green",
          "italic": false
        },
        [
          {
            "text": "c ",
            "color": "white",
            "font": "erpg:sigicon",
            "italic": false
          },
          {
            "translate": "item.essrpg.packsig",
            "color": "gold",
            "font": "minecraft:default",
            "italic": true
          }
        ]
      ]
    }
  ]
  