{
    "comment": "dropped by vindicators",
    "pools": [
        {
            "rolls": {
                "min": 1,
                "max": 1
            },
            "entries": [
                {
                    "type": "minecraft:loot_table",
                    "name": "essences:item/relic/swarmers/vindicus"
                },
                {
                    "type": "minecraft:loot_table",
                    "name": "essences:item/relic/swarmers/illus"
                }
            ]
        }
    ]
}