{
    "comment": "dropped by vindicators",
    "pools": [
        {
            "rolls": {
                "min": 1,
                "max": 1
            },
            "entries": [
                {
                    "type": "minecraft:item",
                    "name": "minecraft:bow",
                    "functions": [
                        {
                            "function": "minecraft:set_name",
                            "name": {
                                "color": "gold",
                                "italic": true,
                                "translate": "item.essrpg.relic.swarmers.illus"
                            },
                            "entity": "this"
                        },
                        {
                            "function": "minecraft:set_lore",
                            "lore": [
                                {
                                    "translate": "item.essrpg.relic.swarmers.illus.lore.0"
                                },
                                {
                                    "translate": "item.essrpg.relic.swarmers.illus.lore.1"
                                },
                                {
                                    "translate": "item.essrpg.relic.swarmers.illus.lore.2"
                                },
                                {
                                    "translate": "item.essrpg.relic.swarmers.illus.lore.3"
                                },
                                {
                                    "translate": "item.essrpg.relic.swarmers.illus.lore.4"
                                },
                                {
                                    "color": "gray",
                                    "italic": false,
                                    "translate": "item.essrpg.relic.oldgen"
                                },
                                [{
                                  "text": "c ",
                                  "color": "white",
                                  "italic": false,
                                  "font": "erpg:sigicon"
                                },
                                {
                                  "translate": "item.essrpg.packsig",
                                  "color": "gold",
                                  "font": "minecraft:default",
                                  "italic": true
                                }]
                            ],
                            "entity": "this"
                        },
                        {
                            "function": "minecraft:set_nbt",
                            "tag": "{esitem:illusswarmer,esitemgroup:relicwep,es.bowtag:es.relicbow,Unbreakable:1}"
                        }
                    ]
                }
            ]
        }
    ]
}