{
	"textures": {
		"2": "ddo:item/mobs/keeper/hand",
		"13": "ddo:item/mobs/keeper/wrist"
	},
	"elements": [
		{
			"from": [
				18.758620689655174,
				6.344827586206897,
				-11.862068965517242
			],
			"to": [
				31.17241379310345,
				27.862068965517242,
				-0.2758620689655178
			],
			"rotation": {
				"angle": 0,
				"axis": "y",
				"origin": [
					8,
					8,
					8
				]
			},
			"faces": {
				"north": {
					"uv": [
						3.75,
						0,
						0,
						6.5
					],
					"texture": "#2"
				},
				"east": {
					"uv": [
						0,
						6.5,
						3.5,
						13
					],
					"texture": "#2"
				},
				"south": {
					"uv": [
						7.5,
						0,
						3.75,
						6.5
					],
					"texture": "#2"
				},
				"west": {
					"uv": [
						3.5,
						6.5,
						7,
						13
					],
					"texture": "#2"
				},
				"up": {
					"uv": [
						10.75,
						10,
						7,
						6.5
					],
					"texture": "#2"
				},
				"down": {
					"uv": [
						7.5,
						0,
						11.25,
						3.5
					],
					"texture": "#2"
				}
			}
		},
		{
			"from": [
				17.93103448275862,
				12.137931034482758,
				-12.689655172413794
			],
			"to": [
				32,
				22.89655172413793,
				0.5517241379310347
			],
			"rotation": {
				"angle": 0,
				"axis": "y",
				"origin": [
					8,
					8,
					8
				]
			},
			"faces": {
				"north": {
					"uv": [
						4.25,
						3.25,
						8.5,
						0
					],
					"texture": "#13"
				},
				"east": {
					"uv": [
						0,
						7,
						3.5,
						10.25
					],
					"texture": "#13"
				},
				"south": {
					"uv": [
						4.25,
						3.25,
						8.5,
						0
					],
					"texture": "#13"
				},
				"west": {
					"uv": [
						0,
						7,
						3.5,
						10.25
					],
					"texture": "#13"
				},
				"up": {
					"uv": [
						4.25,
						3.5,
						0,
						0
					],
					"texture": "#13"
				},
				"down": {
					"uv": [
						4.25,
						3.5,
						0,
						7
					],
					"texture": "#13"
				}
			}
		}
	],
	"display": {
		"head": {
			"rotation": [
				0,
				180,
				0
			]
		}
	}
}