{
	"textures": {
		"2": "ddo:item/mobs/keeper/hand",
		"13": "ddo:item/mobs/keeper/wrist"
	},
	"elements": [
		{
			"from": [
				19.200000000000003,
				6.4,
				-11.200000000000003
			],
			"to": [
				31.200000000000003,
				27.200000000000003,
				0
			],
			"rotation": {
				"angle": 0,
				"axis": "y",
				"origin": [
					-24.800000000000004,
					8,
					8
				]
			},
			"faces": {
				"north": {
					"uv": [
						0,
						0,
						3.75,
						6.5
					],
					"texture": "#2"
				},
				"east": {
					"uv": [
						0,
						6.5,
						3.5,
						13
					],
					"texture": "#2"
				},
				"south": {
					"uv": [
						3.75,
						0,
						7.5,
						6.5
					],
					"texture": "#2"
				},
				"west": {
					"uv": [
						3.5,
						6.5,
						7,
						13
					],
					"texture": "#2"
				},
				"up": {
					"uv": [
						10.75,
						10,
						7,
						6.5
					],
					"texture": "#2"
				},
				"down": {
					"uv": [
						11.25,
						0,
						7.5,
						3.5
					],
					"texture": "#2"
				}
			}
		},
		{
			"from": [
				18.4,
				12,
				-12
			],
			"to": [
				32,
				22.4,
				0.7999999999999998
			],
			"rotation": {
				"angle": 0,
				"axis": "y",
				"origin": [
					8.8,
					8,
					8
				]
			},
			"faces": {
				"north": {
					"uv": [
						4.25,
						3.25,
						8.5,
						0
					],
					"texture": "#13"
				},
				"east": {
					"uv": [
						0,
						7,
						3.5,
						10.25
					],
					"texture": "#13"
				},
				"south": {
					"uv": [
						4.25,
						3.25,
						8.5,
						0
					],
					"texture": "#13"
				},
				"west": {
					"uv": [
						0,
						7,
						3.5,
						10.25
					],
					"texture": "#13"
				},
				"up": {
					"uv": [
						4.25,
						3.5,
						0,
						0
					],
					"texture": "#13"
				},
				"down": {
					"uv": [
						4.25,
						3.5,
						0,
						7
					],
					"texture": "#13"
				}
			}
		}
	],
	"display": {
		"head": {
			"rotation": [
				0,
				180,
				0
			]
		}
	}
}