{
	"textures": {
		"10": "ddo:item/mobs/keeper/head",
		"11": "ddo:item/mobs/keeper/skull",
		"12": "ddo:item/mobs/keeper/antler"
	},
	"elements": [
		{
			"from": [
				4.49438202247191,
				22.56179775280899,
				6.382022471910112
			],
			"to": [
				11.50561797752809,
				29.303370786516854,
				10.96629213483146
			],
			"rotation": {
				"angle": -22.5,
				"axis": "x",
				"origin": [
					8,
					8,
					8
				]
			},
			"faces": {
				"north": {
					"uv": [
						0,
						0,
						7.25,
						6.5
					],
					"texture": "#10"
				},
				"east": {
					"uv": [
						7.25,
						8.5,
						11.5,
						15
					],
					"texture": "#10"
				},
				"south": {
					"uv": [
						0,
						6.5,
						7.25,
						13
					],
					"texture": "#10"
				},
				"west": {
					"uv": [
						11.5,
						8.5,
						15.75,
						15
					],
					"texture": "#10"
				},
				"up": {
					"uv": [
						14.5,
						4.25,
						7.25,
						0
					],
					"texture": "#10"
				},
				"down": {
					"uv": [
						14.5,
						4.25,
						7.25,
						8.5
					],
					"texture": "#10"
				}
			}
		},
		{
			"from": [
				3.6853932584269664,
				25.258426966292134,
				6.112359550561798
			],
			"to": [
				12.314606741573034,
				29.573033707865168,
				11.235955056179776
			],
			"rotation": {
				"angle": -22.5,
				"axis": "x",
				"origin": [
					8,
					8,
					8
				]
			},
			"faces": {
				"north": {
					"uv": [
						7,
						0,
						14,
						4
					],
					"texture": "#11"
				},
				"east": {
					"uv": [
						7,
						8,
						11.75,
						12
					],
					"texture": "#11"
				},
				"south": {
					"uv": [
						7,
						4,
						14,
						8
					],
					"texture": "#11"
				},
				"west": {
					"uv": [
						0,
						9.5,
						4.75,
						13.5
					],
					"texture": "#11"
				},
				"up": {
					"uv": [
						7,
						4.75,
						0,
						0
					],
					"texture": "#11"
				},
				"down": {
					"uv": [
						7,
						4.75,
						0,
						9.5
					],
					"texture": "#11"
				}
			}
		},
		{
			"from": [
				1.797752808988764,
				27.685393258426966,
				6.112359550561798
			],
			"to": [
				1.797752808988764,
				32,
				10.696629213483146
			],
			"rotation": {
				"angle": -45,
				"axis": "y",
				"origin": [
					8,
					8,
					8
				]
			},
			"faces": {
				"north": {
					"uv": [
						0,
						0,
						0,
						8
					],
					"texture": "#12"
				},
				"east": {
					"uv": [
						8.5,
						0,
						0,
						8
					],
					"texture": "#12"
				},
				"south": {
					"uv": [
						0,
						0,
						0,
						8
					],
					"texture": "#12"
				},
				"west": {
					"uv": [
						0,
						0,
						8.5,
						8
					],
					"texture": "#12"
				},
				"up": {
					"uv": [
						0,
						8.5,
						0,
						0
					],
					"texture": "#12"
				},
				"down": {
					"uv": [
						0,
						0,
						0,
						8.5
					],
					"texture": "#12"
				}
			}
		},
		{
			"from": [
				14.202247191011235,
				27.685393258426966,
				6.112359550561798
			],
			"to": [
				14.202247191011235,
				32,
				10.696629213483146
			],
			"rotation": {
				"angle": 45,
				"axis": "y",
				"origin": [
					8,
					8,
					8
				]
			},
			"faces": {
				"north": {
					"uv": [
						0,
						0,
						0,
						8
					],
					"texture": "#12"
				},
				"east": {
					"uv": [
						8.5,
						0,
						0,
						8
					],
					"texture": "#12"
				},
				"south": {
					"uv": [
						0,
						0,
						0,
						8
					],
					"texture": "#12"
				},
				"west": {
					"uv": [
						0,
						0,
						8.5,
						8
					],
					"texture": "#12"
				},
				"up": {
					"uv": [
						0,
						8.5,
						0,
						0
					],
					"texture": "#12"
				},
				"down": {
					"uv": [
						0,
						0,
						0,
						8.5
					],
					"texture": "#12"
				}
			}
		}
	],
	"display": {
		"head": {
			"rotation": [
				0,
				180,
				0
			]
		}
	}
}