{
	"textures": {
		"7": "ddo:item/mobs/keeper/heart"
	},
	"elements": [
		{
			"from": [
				6.829268292682927,
				26.73170731707317,
				19.70731707317073
			],
			"to": [
				9.75609756097561,
				30.24390243902439,
				22.048780487804876
			],
			"rotation": {
				"angle": -45,
				"axis": "x",
				"origin": [
					8,
					8,
					8
				]
			},
			"faces": {
				"north": {
					"uv": [
						0,
						0,
						5,
						6
					],
					"texture": "#7"
				},
				"east": {
					"uv": [
						0,
						6,
						4,
						12
					],
					"texture": "#7"
				},
				"south": {
					"uv": [
						5,
						0,
						10,
						6
					],
					"texture": "#7"
				},
				"west": {
					"uv": [
						4,
						6,
						8,
						12
					],
					"texture": "#7"
				},
				"up": {
					"uv": [
						13,
						10,
						8,
						6
					],
					"texture": "#7"
				},
				"down": {
					"uv": [
						15,
						0,
						10,
						4
					],
					"texture": "#7"
				}
			}
		},
		{
			"from": [
				6.829268292682927,
				30.24390243902439,
				20.878048780487802
			],
			"to": [
				8,
				31.414634146341463,
				22.048780487804876
			],
			"rotation": {
				"angle": -45,
				"axis": "x",
				"origin": [
					8,
					8,
					8
				]
			},
			"faces": {
				"north": {
					"uv": [
						8,
						8,
						10,
						10
					],
					"texture": "#7"
				},
				"east": {
					"uv": [
						0,
						0,
						2,
						2
					],
					"texture": "#7"
				},
				"south": {
					"uv": [
						4,
						6,
						6,
						8
					],
					"texture": "#7"
				},
				"west": {
					"uv": [
						4,
						6,
						6,
						8
					],
					"texture": "#7"
				},
				"up": {
					"uv": [
						6,
						1,
						8,
						3
					],
					"texture": "#7"
				},
				"down": {
					"uv": [
						6,
						8,
						8,
						10
					],
					"texture": "#7"
				}
			}
		},
		{
			"from": [
				-0.7804878048780477,
				30.829268292682926,
				0.9756097560975618
			],
			"to": [
				0.39024390243902474,
				32,
				2.1463414634146343
			],
			"rotation": {
				"angle": -22.5,
				"axis": "z",
				"origin": [
					8,
					8,
					8
				]
			},
			"faces": {
				"north": {
					"uv": [
						0,
						0,
						2,
						2
					],
					"texture": "#7"
				},
				"east": {
					"uv": [
						0,
						0,
						2,
						2
					],
					"texture": "#7"
				},
				"south": {
					"uv": [
						0,
						0,
						2,
						2
					],
					"texture": "#7"
				},
				"west": {
					"uv": [
						0,
						0,
						2,
						2
					],
					"texture": "#7"
				},
				"up": {
					"uv": [
						0,
						0,
						2,
						2
					],
					"texture": "#7"
				},
				"down": {
					"uv": [
						0,
						0,
						2,
						2
					],
					"texture": "#7"
				}
			}
		},
		{
			"from": [
				7.414634146341464,
				25.560975609756095,
				19.70731707317073
			],
			"to": [
				8.585365853658537,
				26.73170731707317,
				22.048780487804876
			],
			"rotation": {
				"angle": -45,
				"axis": "x",
				"origin": [
					8,
					8,
					8
				]
			},
			"faces": {
				"north": {
					"uv": [
						4,
						6,
						6,
						8
					],
					"texture": "#7"
				},
				"east": {
					"uv": [
						0,
						0,
						2,
						2
					],
					"texture": "#7"
				},
				"south": {
					"uv": [
						0,
						0,
						2,
						2
					],
					"texture": "#7"
				},
				"west": {
					"uv": [
						4,
						6,
						6,
						8
					],
					"texture": "#7"
				},
				"up": {
					"uv": [
						4,
						6,
						6,
						8
					],
					"texture": "#7"
				},
				"down": {
					"uv": [
						4,
						6,
						6,
						8
					],
					"texture": "#7"
				}
			}
		}
	],
	"display": {
		"head": {
			"rotation": [
				0,
				180,
				0
			]
		}
	}
}