{
	"textures": {
		"9": "ddo:item/mobs/keeper/rib"
	},
	"elements": [
		{
			"from": [
				2.782608695652174,
				21.043478260869563,
				15.304347826086957
			],
			"to": [
				2.782608695652174,
				32,
				17.913043478260867
			],
			"rotation": {
				"angle": -45,
				"axis": "x",
				"origin": [
					8,
					8,
					8
				]
			},
			"faces": {
				"north": {
					"uv": [
						0,
						0,
						0,
						10
					],
					"texture": "#9"
				},
				"east": {
					"uv": [
						0,
						0,
						2,
						10
					],
					"texture": "#9"
				},
				"south": {
					"uv": [
						0,
						0,
						0,
						10
					],
					"texture": "#9"
				},
				"west": {
					"uv": [
						2,
						0,
						0,
						10
					],
					"texture": "#9"
				},
				"up": {
					"uv": [
						0,
						2,
						0,
						0
					],
					"texture": "#9"
				},
				"down": {
					"uv": [
						0,
						0,
						0,
						2
					],
					"texture": "#9"
				}
			}
		},
		{
			"from": [
				-2.4347826086956523,
				20.52173913043478,
				15.826086956521738
			],
			"to": [
				2.782608695652174,
				32,
				15.826086956521738
			],
			"rotation": {
				"angle": -45,
				"axis": "x",
				"origin": [
					8,
					8,
					8
				]
			},
			"faces": {
				"north": {
					"uv": [
						2,
						0,
						8,
						10.5
					],
					"texture": "#9"
				},
				"east": {
					"uv": [
						0,
						0,
						0,
						9.5
					],
					"texture": "#9"
				},
				"south": {
					"uv": [
						8,
						0,
						2,
						10.5
					],
					"texture": "#9"
				},
				"west": {
					"uv": [
						12,
						14.5,
						13,
						15.5
					],
					"texture": "#9"
				},
				"up": {
					"uv": [
						14,
						14.5,
						15,
						15.5
					],
					"texture": "#9"
				},
				"down": {
					"uv": [
						13,
						14.5,
						14,
						15.5
					],
					"texture": "#9"
				}
			}
		}
	],
	"display": {
		"head": {
			"rotation": [
				0,
				180,
				0
			]
		}
	}
}