{
	"textures": {
		"0": "ddo:item/mobs/keeper/leg"
	},
	"elements": [
		{
			"from": [
				14,
				8,
				8
			],
			"to": [
				25,
				26,
				18
			],
			"faces": {
				"north": {
					"uv": [
						2.75,
						0,
						0,
						4.5
					],
					"texture": "#0"
				},
				"east": {
					"uv": [
						0,
						4.5,
						2.5,
						9
					],
					"texture": "#0"
				},
				"south": {
					"uv": [
						5.5,
						0,
						2.75,
						4.5
					],
					"texture": "#0"
				},
				"west": {
					"uv": [
						2.5,
						4.5,
						5,
						9
					],
					"texture": "#0"
				},
				"up": {
					"uv": [
						7.75,
						7,
						5,
						4.5
					],
					"texture": "#0"
				},
				"down": {
					"uv": [
						8.25,
						0,
						5.5,
						2.5
					],
					"texture": "#0"
				}
			}
		}
	],
	"display": {
		"head": {
			"rotation": [
				0,
				180,
				0
			]
		}
	}
}