{
	"textures": {
		"3": "ddo:item/mobs/keeper/arms",
		"12": "ddo:item/mobs/keeper/antler"
	},
	"elements": [
		{
			"from": [
				13.454545454545455,
				12.363636363636363,
				-3.2727272727272734
			],
			"to": [
				17.81818181818182,
				27.272727272727273,
				0.3636363636363633
			],
			"rotation": {
				"angle": 22.5,
				"axis": "x",
				"origin": [
					-6.90909090909091,
					8,
					8
				]
			},
			"faces": {
				"north": {
					"uv": [
						3,
						0,
						0,
						10.25
					],
					"texture": "#3"
				},
				"east": {
					"uv": [
						11,
						0,
						8.5,
						10.25
					],
					"texture": "#3"
				},
				"south": {
					"uv": [
						5.5,
						0,
						3,
						10.25
					],
					"texture": "#3"
				},
				"west": {
					"uv": [
						8.5,
						0,
						5.5,
						10.25
					],
					"texture": "#3"
				},
				"up": {
					"uv": [
						0,
						12.75,
						3,
						10.25
					],
					"texture": "#3"
				},
				"down": {
					"uv": [
						6,
						10.25,
						3,
						12.75
					],
					"texture": "#3"
				}
			}
		},
		{
			"from": [
				15.272727272727273,
				26.181818181818183,
				-1.454545454545455
			],
			"to": [
				21.454545454545453,
				32,
				-1.454545454545455
			],
			"rotation": {
				"angle": -22.5,
				"axis": "y",
				"origin": [
					-6.90909090909091,
					8,
					8
				]
			},
			"faces": {
				"north": {
					"uv": [
						8.5,
						8,
						0,
						16
					],
					"texture": "#12"
				},
				"south": {
					"uv": [
						0,
						8,
						8.5,
						16
					],
					"texture": "#12"
				}
			}
		}
	],
	"display": {
		"head": {
			"rotation": [
				0,
				180,
				0
			]
		}
	}
}