{
	"textures": {
		"1": "ddo:item/mobs/keeper/bottorso",
		"4": "ddo:item/mobs/keeper/pecks",
		"5": "ddo:item/mobs/keeper/neck",
		"6": "ddo:item/mobs/keeper/back",
		"8": "ddo:item/mobs/keeper/veins"
	},
	"elements": [
		{
			"from": [
				2.3529411764705888,
				14.588235294117647,
				11.764705882352942
			],
			"to": [
				14.117647058823529,
				24.941176470588236,
				17.411764705882355
			],
			"rotation": {
				"angle": -22.5,
				"axis": "x",
				"origin": [
					8,
					8,
					9.411764705882353
				]
			},
			"faces": {
				"north": {
					"uv": [
						0,
						0,
						6.25,
						5.5
					],
					"texture": "#1"
				},
				"east": {
					"uv": [
						6.25,
						6,
						9.25,
						11.5
					],
					"texture": "#1"
				},
				"south": {
					"uv": [
						0,
						5.5,
						6.25,
						11
					],
					"texture": "#1"
				},
				"west": {
					"uv": [
						9.25,
						6,
						12.25,
						11.5
					],
					"texture": "#1"
				},
				"up": {
					"uv": [
						12.5,
						3,
						6.25,
						0
					],
					"texture": "#1"
				},
				"down": {
					"uv": [
						12.5,
						3,
						6.25,
						6
					],
					"texture": "#1"
				}
			}
		},
		{
			"from": [
				0.9411764705882355,
				29.176470588235293,
				17.411764705882355
			],
			"to": [
				15.529411764705882,
				32,
				23.529411764705884
			],
			"rotation": {
				"angle": -45,
				"axis": "x",
				"origin": [
					8,
					8,
					9.411764705882353
				]
			},
			"faces": {
				"north": {
					"uv": [
						0,
						6.5,
						7.75,
						8
					],
					"texture": "#5"
				},
				"east": {
					"uv": [
						7.75,
						1.5,
						11,
						3
					],
					"texture": "#5"
				},
				"south": {
					"uv": [
						7.75,
						0,
						15.5,
						1.5
					],
					"texture": "#5"
				},
				"west": {
					"uv": [
						7.75,
						3,
						11,
						4.5
					],
					"texture": "#5"
				},
				"up": {
					"uv": [
						7.75,
						3.25,
						0,
						0
					],
					"texture": "#5"
				},
				"down": {
					"uv": [
						7.75,
						3.25,
						0,
						6.5
					],
					"texture": "#5"
				}
			}
		},
		{
			"from": [
				1.4117647058823533,
				20.235294117647058,
				19.294117647058822
			],
			"to": [
				15.058823529411764,
				28.235294117647058,
				23.058823529411764
			],
			"rotation": {
				"angle": -45,
				"axis": "x",
				"origin": [
					8,
					8,
					8
				]
			},
			"faces": {
				"north": {
					"uv": [
						0,
						0,
						7.25,
						4.25
					],
					"texture": "#6"
				},
				"east": {
					"uv": [
						7.25,
						4,
						9.25,
						8.25
					],
					"texture": "#6"
				},
				"south": {
					"uv": [
						0,
						4.25,
						7.25,
						8.5
					],
					"texture": "#6"
				},
				"west": {
					"uv": [
						7.25,
						8.25,
						9.25,
						12.5
					],
					"texture": "#6"
				},
				"up": {
					"uv": [
						14.5,
						2,
						7.25,
						0
					],
					"texture": "#6"
				},
				"down": {
					"uv": [
						14.5,
						2,
						7.25,
						4
					],
					"texture": "#6"
				}
			}
		},
		{
			"from": [
				1.4117647058823533,
				20.235294117647058,
				16.470588235294116
			],
			"to": [
				6.117647058823529,
				28.235294117647058,
				19.294117647058822
			],
			"rotation": {
				"angle": -45,
				"axis": "x",
				"origin": [
					8,
					8,
					8
				]
			},
			"faces": {
				"north": {
					"uv": [
						0,
						0,
						2.5,
						4.25
					],
					"texture": "#4"
				},
				"east": {
					"uv": [
						3,
						4.25,
						1.5,
						8.5
					],
					"texture": "#4"
				},
				"south": {
					"uv": [
						2.5,
						0,
						5,
						4.25
					],
					"texture": "#4"
				},
				"west": {
					"uv": [
						0,
						4.25,
						1.5,
						8.5
					],
					"texture": "#4"
				},
				"up": {
					"uv": [
						5.5,
						5.75,
						3,
						4.25
					],
					"texture": "#4"
				},
				"down": {
					"uv": [
						7.5,
						0,
						5,
						1.5
					],
					"texture": "#4"
				}
			}
		},
		{
			"from": [
				10.352941176470589,
				20.235294117647058,
				16.470588235294116
			],
			"to": [
				15.058823529411764,
				28.235294117647058,
				19.294117647058822
			],
			"rotation": {
				"angle": -45,
				"axis": "x",
				"origin": [
					8,
					8,
					8
				]
			},
			"faces": {
				"north": {
					"uv": [
						2.5,
						0,
						0,
						4.25
					],
					"texture": "#4"
				},
				"east": {
					"uv": [
						0,
						4.25,
						1.5,
						8.5
					],
					"texture": "#4"
				},
				"south": {
					"uv": [
						2.5,
						0,
						5,
						4.25
					],
					"texture": "#4"
				},
				"west": {
					"uv": [
						1.5,
						4.25,
						3,
						8.5
					],
					"texture": "#4"
				},
				"up": {
					"uv": [
						5.5,
						5.75,
						3,
						4.25
					],
					"texture": "#4"
				},
				"down": {
					"uv": [
						7.5,
						0,
						5,
						1.5
					],
					"texture": "#4"
				}
			}
		},
		{
			"from": [
				5.176470588235294,
				20.705882352941174,
				18.823529411764707
			],
			"to": [
				10.823529411764707,
				28.705882352941178,
				18.823529411764707
			],
			"rotation": {
				"angle": -45,
				"axis": "x",
				"origin": [
					8,
					8,
					8
				]
			},
			"faces": {
				"north": {
					"uv": [
						0,
						0,
						6,
						8
					],
					"texture": "#8"
				},
				"east": {
					"uv": [
						0,
						0,
						0,
						8
					],
					"texture": "#8"
				},
				"south": {
					"uv": [
						6,
						0,
						0,
						8
					],
					"texture": "#8"
				},
				"west": {
					"uv": [
						0,
						0,
						0,
						8
					],
					"texture": "#8"
				},
				"up": {
					"uv": [
						6,
						0,
						0,
						0
					],
					"texture": "#8"
				},
				"down": {
					"uv": [
						6,
						0,
						0,
						0
					],
					"texture": "#8"
				}
			}
		}
	],
	"display": {
		"head": {
			"rotation": [
				0,
				180,
				0
			]
		}
	}
}